champion_id,champion_name,overall_games,overall_wins,overall_win_rate,classification,classification_reason,peak_bin,peak_win_rate,gap_pp,-20m_games,-20m_wins,-20m_win_rate,-20m_low_95,-20m_high_95,20-25m_games,20-25m_wins,20-25m_win_rate,20-25m_low_95,20-25m_high_95,25-30m_games,25-30m_wins,25-30m_win_rate,25-30m_low_95,25-30m_high_95,30-35m_games,30-35m_wins,30-35m_win_rate,30-35m_low_95,30-35m_high_95,35m-_games,35m-_wins,35m-_win_rate,35m-_low_95,35m-_high_95
777,ヨネ,1109,534,0.48151487826871053,明瞭な傾向なし,最高帯と端点の差が8ポイント未満、または非単調,30〜35分,0.5179282868525896,6.338283230713509,192,95,0.4947916666666667,0.4248692545478394,0.5649184105856153,159,76,0.4779874213836478,0.4017825757326531,0.5552308655501642,265,123,0.4641509433962264,0.4050455748289438,0.5242808389403536,251,130,0.5179282868525896,0.4563078585506406,0.5790081965989111,242,110,0.45454545454545453,0.3930078566733296,0.5175036271438925
21,ミス・フォーチュン,1041,534,0.5129682997118156,明瞭な傾向なし,最高帯と端点の差が8ポイント未満、または非単調,〜20分,0.543859649122807,7.942450267929241,171,93,0.543859649122807,0.46906078874670787,0.6167311509289758,142,76,0.5352112676056338,0.45333052124938145,0.6152370205219649,250,133,0.532,0.4701300566492007,0.5929013771268234,239,121,0.5062761506276151,0.4432942126816776,0.5690595191336292,239,111,0.46443514644351463,0.4022669969460266,0.527728522767235
22,アッシュ,930,450,0.4838709677419355,明瞭な傾向なし,最高帯と端点の差が8ポイント未満、または非単調,20〜25分,0.5259259259259259,6.95500869997514,149,68,0.4563758389261745,0.3784976370602949,0.5364469853461703,135,71,0.5259259259259259,0.4421474490145545,0.6082697170221377,220,105,0.4772727272727273,0.41222714776740427,0.543098403872684,221,107,0.4841628959276018,0.41910937515349245,0.5497575960831471,205,99,0.48292682926829267,0.4154659850650685,0.5510157886811583
82,モルデカイザー,919,475,0.5168661588683352,明瞭な傾向なし,最高帯と端点の差が8ポイント未満、または非単調,35分〜,0.5660377358490566,8.962264150943394,143,77,0.5384615384615384,0.4568160495256255,0.6180946024966897,141,69,0.48936170212765956,0.40823274403341875,0.5710549744121108,212,101,0.47641509433962265,0.410202775095014,0.5434669530760151,211,108,0.5118483412322274,0.4447948398325278,0.578478120339059,212,120,0.5660377358490566,0.49873127619628915,0.6309934849248293
111,ノーチラス,873,406,0.4650630011454754,明瞭な傾向なし,最高帯と端点の差が8ポイント未満、または非単調,〜20分,0.5253164556962026,9.21367321938984,158,83,0.5253164556962026,0.4477782443144541,0.6016528043158115,136,60,0.4411764705882353,0.3604800479449154,0.5251047851805636,217,94,0.43317972350230416,0.36897771405494323,0.4997064469002392,176,80,0.45454545454545453,0.3827354825788732,0.5282973374138313,186,89,0.478494623655914,0.4078679625053343,0.5499916425548845
89,レオナ,816,440,0.5392156862745098,明瞭な傾向なし,最高帯と端点の差が8ポイント未満、または非単調,〜20分,0.5877862595419847,10.778625954198473,131,77,0.5877862595419847,0.5021640639675548,0.6684064424636948,125,60,0.48,0.39432615338057314,0.5668665048912893,199,109,0.5477386934673367,0.47833358942877874,0.6153355593059977,171,91,0.5321637426900585,0.45749258491099415,0.6054215041845071,190,103,0.5421052631578948,0.47112722726391343,0.6114143943487849
147,セラフィーン,811,405,0.499383477188656,中盤寄り,中間帯が最高、端点との差 10.4%,30〜35分,0.5533980582524272,10.42001972898603,135,60,0.4444444444444444,0.36331238690531265,0.5286508287303471,109,58,0.5321100917431193,0.4389455497458302,0.6230883101072736,174,89,0.5114942528735632,0.4377781532437514,0.5847137721550304,206,114,0.5533980582524272,0.4851483506684238,0.6196926341506015,187,84,0.44919786096256686,0.37964047544544016,0.5208005185516758
51,ケイトリン,792,392,0.494949494949495,明瞭な傾向なし,最高帯と端点の差が8ポイント未満、または非単調,20〜25分,0.5299145299145299,9.684366377279762,127,55,0.4330708661417323,0.35010943520734455,0.5199624685296932,117,62,0.5299145299145299,0.43996887268203627,0.6179581987900397,187,92,0.4919786096256685,0.421209290915521,0.563070866031392,174,88,0.5057471264367817,0.43214092079925787,0.5791050419001331,187,95,0.5080213903743316,0.43692913396860805,0.5787907090844789
103,アーリ,788,367,0.46573604060913704,明瞭な傾向なし,最高帯と端点の差が8ポイント未満、または非単調,25〜30分,0.4971751412429379,6.982471389251055,117,50,0.42735042735042733,0.3414265447745581,0.5178934245075435,121,53,0.4380165289256198,0.35287007928056946,0.526977663779436,177,88,0.4971751412429379,0.42436156675714437,0.5701087321121423,176,82,0.4659090909090909,0.3937266792334007,0.5395479357611276,197,94,0.47715736040609136,0.40851398006941686,0.5466745864427001
222,ジンクス,764,386,0.5052356020942408,中盤寄り,中間帯が最高、端点との差 15.3%,30〜35分,0.6136363636363636,15.259740259740262,144,58,0.4027777777777778,0.3262034003252684,0.4844047099765682,104,52,0.5,0.40563022613791994,0.5943697738620801,186,97,0.521505376344086,0.4500083574451155,0.5921320374946658,176,108,0.6136363636363636,0.5400028827223404,0.6824150672958978,154,71,0.461038961038961,0.3842148762020109,0.539759538654402
99,ラックス,751,378,0.5033288948069241,序盤寄り,〜20分が最高、長時間帯との差 12.1%,〜20分,0.5669291338582677,12.069257471848276,127,72,0.5669291338582677,0.48003753147030676,0.6498905647926555,107,50,0.4672897196261682,0.3755319718023794,0.5613148438336273,166,89,0.536144578313253,0.4603217064180836,0.6103323618431669,165,84,0.509090909090909,0.4334762815299731,0.5842918514419958,186,83,0.44623655913978494,0.37660218836670295,0.5180468242838436
202,ジン,661,359,0.5431164901664145,明瞭な傾向なし,最高帯と端点の差が8ポイント未満、または非単調,〜20分,0.5981308411214953,10.1442099399641,107,64,0.5981308411214953,0.5033928464055272,0.6860667066864526,92,50,0.5434782608695652,0.4419960344126341,0.6414750261706617,154,79,0.512987012987013,0.43469288303066683,0.5906489786838621,151,75,0.4966887417218543,0.4180168316401289,0.575524955579843,157,91,0.5796178343949044,0.501405628781052,0.6540267966611222
83,ヨリック,617,319,0.5170178282009724,明瞭な傾向なし,最高帯と端点の差が8ポイント未満、または非単調,25〜30分,0.5915492957746479,17.549090161406394,108,60,0.5555555555555556,0.4615344791712406,0.6457601231949631,90,45,0.5,0.398835445409866,0.601164554590134,142,84,0.5915492957746479,0.5093238227154346,0.668951785890066,140,73,0.5214285714285715,0.43921772462830105,0.6024948258438851,137,57,0.41605839416058393,0.3369105392811653,0.49978543690768806
45,ベイガー,610,325,0.5327868852459017,明瞭な傾向なし,最高帯と端点の差が8ポイント未満、または非単調,30〜35分,0.5972222222222222,27.623456790123456,81,26,0.32098765432098764,0.22942074394347287,0.42876580605086945,92,50,0.5434782608695652,0.4419960344126341,0.6414750261706617,143,80,0.5594405594405595,0.47757133478487557,0.6381996728859753,144,86,0.5972222222222222,0.5155952900234319,0.6737965996747316,150,83,0.5533333333333333,0.47342972849954784,0.6305733499915755
54,マルファイト,582,271,0.46563573883161513,明瞭な傾向なし,最高帯と端点の差が8ポイント未満、または非単調,35分〜,0.5032679738562091,10.326797385620912,91,44,0.4835164835164835,0.3836068307058106,0.5847614802463456,75,30,0.4,0.296623430781706,0.5131216783992341,132,60,0.45454545454545453,0.37208592805700386,0.5395758898249997,131,60,0.4580152671755725,0.37510645160595435,0.5433163496660566,153,77,0.5032679738562091,0.42493756068608224,0.5814382987797737
145,カイ＝サ,554,256,0.4620938628158845,序盤寄り,〜20分が最高、長時間帯との差 8.1%,〜20分,0.5697674418604651,8.139534883720934,86,49,0.5697674418604651,0.46436012573217667,0.6692082880093415,83,33,0.39759036144578314,0.2990876632240069,0.5051536220586227,134,56,0.417910447761194,0.33782807660784847,0.502568436491245,122,55,0.45081967213114754,0.3653714064697258,0.5392706196965023,129,63,0.4883720930232558,0.4037032622727371,0.5737134505642055
56,ノクターン,554,291,0.5252707581227437,明瞭な傾向なし,最高帯と端点の差が8ポイント未満、または非単調,〜20分,0.5925925925925926,10.308210308210302,81,48,0.5925925925925926,0.4837611469314997,0.6930389134162542,68,34,0.5,0.38437863888099083,0.6156213611190091,131,68,0.5190839694656488,0.43420551822120274,0.6028750266551558,143,70,0.48951048951048953,0.40892962253687976,0.5706401996388527,131,71,0.5419847328244275,0.4566836503339434,0.6248935483940457
122,ダリウス,532,269,0.5056390977443609,中盤寄り,中間帯が最高、端点との差 9.0%,30〜35分,0.5692307692307692,8.963893249607535,98,47,0.47959183673469385,0.3833296392957258,0.5773936800551093,65,32,0.49230769230769234,0.3746363604246928,0.6108375390779336,113,56,0.49557522123893805,0.40506171133355484,0.5863796930977435,130,74,0.5692307692307692,0.483326884526903,0.651160449754815,126,60,0.47619047619047616,0.39098550347951744,0.5628043450744129
25,モルガナ,527,281,0.5332068311195446,序盤寄り,〜20分が最高、長時間帯との差 9.4%,〜20分,0.6075949367088608,9.40814231953473,79,48,0.6075949367088608,0.49733788520285227,0.707873023326196,53,28,0.5283018867924528,0.39659852300756443,0.6561797239101858,156,85,0.5448717948717948,0.46658441888114965,0.6210022919625856,128,63,0.4921875,0.4070759798715471,0.5777543013143609,111,57,0.5135135135135135,0.421645284109601,0.6044776539198238
517,サイラス,525,241,0.45904761904761904,明瞭な傾向なし,最高帯と端点の差が8ポイント未満、または非単調,25〜30分,0.4888888888888889,7.7673935617860845,83,39,0.46987951807228917,0.36623168109196985,0.5761922263440978,78,38,0.48717948717948717,0.37948764475056745,0.5960749053462049,135,66,0.4888888888888889,0.40604637402013033,0.5723462691070017,122,54,0.4426229508196721,0.3575736806790091,0.5311753498482569,107,44,0.411214953271028,0.3226357894349217,0.5059484244342394
81,エズリアル,519,251,0.4836223506743738,明瞭な傾向なし,最高帯と端点の差が8ポイント未満、または非単調,35分〜,0.5263157894736842,7.348560079443889,92,45,0.4891304347826087,0.3894853752162455,0.5896468596379305,79,36,0.45569620253164556,0.35048276758066016,0.5650186230250259,109,52,0.47706422018348627,0.38568352703346587,0.5700065730714601,106,48,0.4528301886792453,0.3613756390040924,0.5475841722149721,133,70,0.5263157894736842,0.4419143733850908,0.6092396616451923
800,メル,518,241,0.46525096525096526,明瞭な傾向なし,最高帯と端点の差が8ポイント未満、または非単調,25〜30分,0.5,6.69291338582677,89,42,0.47191011235955055,0.37151847587556575,0.5746263557516359,71,32,0.4507042253521127,0.34047773339151494,0.5659913960765885,100,50,0.5,0.40382982859014716,0.5961701714098528,127,55,0.4330708661417323,0.35010943520734455,0.5199624685296932,131,62,0.4732824427480916,0.38976625692005357,0.5583209802530442
233,ブライアー,507,267,0.5266272189349113,明瞭な傾向なし,最高帯と端点の差が8ポイント未満、または非単調,30〜35分,0.5798319327731093,9.411764705882359,77,43,0.5584415584415584,0.4473803679096196,0.6639484528955103,70,34,0.4857142857142857,0.3724568238273813,0.6004581725973981,113,58,0.5132743362831859,0.42220637468328037,0.6034694120228243,119,69,0.5798319327731093,0.49001340101862806,0.6646573294179668,128,63,0.4921875,0.4070759798715471,0.5777543013143609
234,ヴィエゴ,507,232,0.45759368836291914,明瞭な傾向なし,最高帯と端点の差が8ポイント未満、または非単調,20〜25分,0.5142857142857142,11.07769423558897,84,41,0.4880952380952381,0.38408171813322184,0.5931500262794481,70,36,0.5142857142857142,0.39954182740260175,0.6275431761726186,114,46,0.40350877192982454,0.31801860350272454,0.4952901092099338,127,60,0.47244094488188976,0.38770169986669717,0.5587984957897302,112,49,0.4375,0.3492101316397166,0.5299351840327189
101,ゼラス,501,278,0.5548902195608783,序盤寄り,〜20分が最高、長時間帯との差 12.3%,〜20分,0.6511627906976745,12.316279069767443,86,56,0.6511627906976745,0.5459335479566195,0.7434646818166704,63,34,0.5396825396825397,0.4178903692159613,0.656913345835743,100,53,0.53,0.4328868313724773,0.6248934801789626,127,69,0.5433070866141733,0.4566732512774611,0.6273978698338676,125,66,0.528,0.44095936742177405,0.6133709109976185
804,ユナラ,496,250,0.5040322580645161,明瞭な傾向なし,最高帯と端点の差が8ポイント未満、または非単調,30〜35分,0.5396825396825397,8.337186007088915,86,45,0.5232558139534884,0.4189764160545852,0.6255463885259211,74,36,0.4864864864864865,0.37611598006562663,0.5981908173280549,107,54,0.5046728971962616,0.41143094215329845,0.5975909413272719,126,68,0.5396825396825397,0.45276761226937695,0.6242493068074058,103,47,0.4563106796116505,0.3634207653135534,0.5523423831230108
131,ダイアナ,495,247,0.498989898989899,明瞭な傾向なし,最高帯と端点の差が8ポイント未満、または非単調,25〜30分,0.5223880597014925,11.91622532498796,57,29,0.5087719298245614,0.38259680329032353,0.6338393193625982,62,25,0.4032258064516129,0.2902468291165249,0.5274975756367011,134,70,0.5223880597014925,0.43837443621342537,0.6051537874868218,125,63,0.504,0.41754620249417757,0.59021526585145,117,60,0.5128205128205128,0.4232920424346018,0.601533845339145
901,スモルダー,479,232,0.48434237995824636,終盤寄り,35分〜が最高、短時間帯との差 10.1%,35分〜,0.546875,10.092905405405405,74,33,0.44594594594594594,0.33815638584551055,0.5590708037292154,59,32,0.5423728813559322,0.4165761502342809,0.6629889785975757,92,38,0.41304347826086957,0.31788936478397756,0.5151685140494309,126,59,0.46825396825396826,0.38335752175424204,0.5550289429843319,128,70,0.546875,0.4605248014915979,0.6304935113929545
84,アカリ,477,250,0.5241090146750524,明瞭な傾向なし,最高帯と端点の差が8ポイント未満、または非単調,35分〜,0.5892857142857143,11.869747899159666,89,49,0.550561797752809,0.4472614742822269,0.6496778287888102,70,35,0.5,0.38595518987336214,0.6140448101266378,104,52,0.5,0.40563022613791994,0.5943697738620801,102,48,0.47058823529411764,0.3765574986256038,0.5667540159395579,112,66,0.5892857142857143,0.4966864518713796,0.6759630971679984
86,ガレン,472,251,0.5317796610169492,中盤寄り,中間帯が最高、端点との差 9.1%,20〜25分,0.6086956521739131,9.05138339920949,80,41,0.5125,0.4049314460370689,0.6189230605563166,69,42,0.6086956521739131,0.49073776035898703,0.715188523522751,115,61,0.5304347826086957,0.43971596277968295,0.6191859705500603,98,50,0.5102040816326531,0.41272874059974574,0.6069095997248368,110,57,0.5181818181818182,0.42577772382313195,0.6093588167736271
875,セト,469,243,0.5181236673773987,序盤寄り,〜20分が最高、長時間帯との差 9.8%,〜20分,0.6301369863013698,9.802689455825053,73,46,0.6301369863013698,0.5154917299781843,0.7317701698260883,64,34,0.53125,0.41071875000475133,0.6482421235595515,109,44,0.4036697247706422,0.31636285992031193,0.4975355605203767,114,61,0.5350877192982456,0.44388224357839473,0.624005497253366,109,58,0.5321100917431193,0.4389455497458302,0.6230883101072736
36,ドクター・ムンド,457,234,0.5120350109409191,明瞭な傾向なし,最高帯と端点の差が8ポイント未満、または非単調,30〜35分,0.5566037735849056,12.182116488925349,76,42,0.5526315789473685,0.4410031528161145,0.6591952400016647,72,33,0.4583333333333333,0.34828438695135916,0.5726033580329238,92,40,0.43478260869565216,0.3381140282933585,0.5366793808316977,106,59,0.5566037735849056,0.4616974618645223,0.6475507646726002,111,60,0.5405405405405406,0.44802693921571074,0.6303418748725639
75,ナサス,447,228,0.5100671140939598,明瞭な傾向なし,最高帯と端点の差が8ポイント未満、または非単調,30〜35分,0.5576923076923077,12.485648679678535,68,36,0.5294117647058824,0.41240715813747064,0.6432708891220559,67,29,0.43283582089552236,0.32104123341736546,0.5519147698349607,115,62,0.5391304347826087,0.44823601941908303,0.6274950377191582,104,58,0.5576923076923077,0.4618751630220258,0.6493991504154603,93,43,0.46236559139784944,0.3645445128410233,0.5631725013347029
90,マルザハール,446,239,0.5358744394618834,明瞭な傾向なし,最高帯と端点の差が8ポイント未満、または非単調,25〜30分,0.5765765765765766,10.782657657657657,64,30,0.46875,0.3517578764404486,0.5892812499952488,76,40,0.5263157894736842,0.4155183265272202,0.6345808698816693,111,64,0.5765765765765766,0.4836090869599066,0.6644208952068343,99,51,0.5151515151515151,0.41799165400572424,0.6111794207344586,96,54,0.5625,0.4627570204559316,0.6574333611084664
39,イレリア,435,224,0.5149425287356322,明瞭な傾向なし,最高帯と端点の差が8ポイント未満、または非単調,25〜30分,0.5398230088495575,6.855864103346554,68,34,0.5,0.38437863888099083,0.6156213611190091,69,37,0.5362318840579711,0.4197820076036184,0.6488600870236276,113,61,0.5398230088495575,0.448129787057941,0.628897573060373,87,41,0.47126436781609193,0.3698208820020664,0.5751382556617353,98,51,0.5204081632653061,0.4226063199448908,0.6166703607042743
910,フェイ,433,222,0.5127020785219399,明瞭な傾向なし,最高帯と端点の差が8ポイント未満、または非単調,25〜30分,0.5730337078651685,13.185723727693322,68,30,0.4411764705882353,0.329460449863809,0.5591834556171379,52,26,0.5,0.3688563855796992,0.6311436144203008,89,51,0.5730337078651685,0.46934928250408064,0.670674155265195,108,55,0.5092592592592593,0.4162897139617788,0.601592719765922,116,60,0.5172413793103449,0.427219773046112,0.6061576184439884
3,ガリオ,424,207,0.4882075471698113,明瞭な傾向なし,最高帯と端点の差が8ポイント未満、または非単調,20〜25分,0.5471698113207547,8.353344768439108,60,28,0.4666666666666667,0.34627701540988,0.5910679132886489,53,29,0.5471698113207547,0.41453742646439184,0.6734263183985252,110,51,0.4636363636363636,0.37324922744634015,0.5564776913601419,99,48,0.48484848484848486,0.3888205792655413,0.5820083459942756,102,51,0.5,0.40474278556489024,0.5952572144351098
412,スレッシュ,421,223,0.5296912114014252,明瞭な傾向なし,最高帯と端点の差が8ポイント未満、または非単調,30〜35分,0.6216216216216216,21.582452017234623,64,37,0.578125,0.4560981205252726,0.6913040633854843,69,28,0.4057971014492754,0.29788729078613463,0.5236432631830259,110,52,0.4727272727272727,0.38193047126891827,0.5653647178359433,111,69,0.6216216216216216,0.528758121912598,0.706348320352226,67,37,0.5522388059701493,0.43357401531838863,0.6652379821520243
80,パンテオン,420,211,0.5023809523809524,中盤寄り,中間帯が最高、端点との差 8.4%,20〜25分,0.6190476190476191,8.439415370108438,66,27,0.4090909090909091,0.29867234579227303,0.5295102846171105,63,39,0.6190476190476191,0.49558404006594975,0.7288271050891633,88,42,0.4772727272727273,0.37606451443681693,0.5803822373619324,102,49,0.4803921568627451,0.3859172379946161,0.5762904383821584,101,54,0.5346534653465347,0.43789497166288216,0.6288724183807648
112,ビクター,408,207,0.5073529411764706,中盤寄り,中間帯が最高、端点との差 15.9%,30〜35分,0.5913978494623656,15.856202856684327,67,29,0.43283582089552236,0.32104123341736546,0.5519147698349607,64,33,0.515625,0.39581392243999036,0.633666514342161,82,47,0.573170731707317,0.46521012598662703,0.6745822357587271,93,55,0.5913978494623656,0.48979774030427176,0.6857466538403933,102,43,0.4215686274509804,0.3302943233598245,0.518536382147273
711,ヴェックス,400,191,0.4775,明瞭な傾向なし,最高帯と端点の差が8ポイント未満、または非単調,30〜35分,0.5393258426966292,11.624891961970613,79,39,0.4936708860759494,0.3863008454295994,0.601627924656927,52,22,0.4230769230769231,0.2986784790886045,0.558059150205685,84,38,0.4523809523809524,0.3503554445205683,0.5585715331301119,89,48,0.5393258426966292,0.436292717570131,0.6391045181517867,96,44,0.4583333333333333,0.3621868239541502,0.5576862550029179
11,マスター・イー,397,217,0.5465994962216625,明瞭な傾向なし,最高帯と端点の差が8ポイント未満、または非単調,30〜35分,0.6111111111111112,15.277777777777784,63,34,0.5396825396825397,0.4178903692159613,0.656913345835743,72,33,0.4583333333333333,0.34828438695135916,0.5726033580329238,103,56,0.5436893203883495,0.44765761687698924,0.6365792346864467,90,55,0.6111111111111112,0.5078226845453938,0.7053024113608994,69,39,0.5652173913043478,0.4478819321166955,0.675673838212347
24,ジャックス,393,204,0.5190839694656488,明瞭な傾向なし,最高帯と端点の差が8ポイント未満、または非単調,20〜25分,0.6153846153846154,19.563152896486237,62,34,0.5483870967741935,0.4253229453059872,0.6658048523173998,52,32,0.6153846153846154,0.4795962694074179,0.7352972866511478,114,63,0.5526315789473685,0.461124028128236,0.640707583119405,84,41,0.4880952380952381,0.38408171813322184,0.5931500262794481,81,34,0.41975308641975306,0.3183079093457035,0.528465371686243
31,チョ＝ガス,378,198,0.5238095238095238,終盤寄り,35分〜が最高、短時間帯との差 12.6%,35分〜,0.5978260869565217,12.612797374897456,53,25,0.4716981132075472,0.3438202760898141,0.6034014769924353,62,30,0.4838709677419355,0.3640965420650529,0.6055275253938182,84,42,0.5,0.3954375003500976,0.6045624996499024,87,46,0.5287356321839081,0.4248617443382648,0.6301791179979336,92,55,0.5978260869565217,0.49565787685217577,0.6921520094602397
143,ザイラ,372,198,0.532258064516129,明瞭な傾向なし,最高帯と端点の差が8ポイント未満、または非単調,〜20分,0.5737704918032787,10.318225650916101,61,35,0.5737704918032787,0.44895006843512514,0.6898497144203256,51,24,0.47058823529411764,0.34052771426416406,0.6047692865527341,77,42,0.5454545454545454,0.4347288664489393,0.6518602163994951,74,40,0.5405405405405406,0.4278114521014676,0.6492681557174879,109,57,0.5229357798165137,0.42999342692854,0.6143164729665341
799,アンベッサ,370,167,0.45135135135135135,明瞭な傾向なし,最高帯と端点の差が8ポイント未満、または非単調,30〜35分,0.4854368932038835,7.865723218693432,59,24,0.4067796610169492,0.2908884302255585,0.534068286344357,54,25,0.46296296296296297,0.33689688992410527,0.5939487298374505,82,34,0.4146341463414634,0.31416390246666076,0.5227450088304259,103,50,0.4854368932038835,0.3911889229019198,0.5807321265769348,72,34,0.4722222222222222,0.3612631919907144,0.5859953046654743
235,セナ,366,179,0.4890710382513661,明瞭な傾向なし,最高帯と端点の差が8ポイント未満、または非単調,20〜25分,0.54,9.000000000000002,60,27,0.45,0.3309345385376083,0.575082854510185,50,27,0.54,0.40398634328388083,0.6703056539821737,86,40,0.46511627906976744,0.3634569531171396,0.5697588400121011,96,49,0.5104166666666666,0.41195862420919654,0.6080731060515364,74,36,0.4864864864864865,0.37611598006562663,0.5981908173280549
950,ナフィーリ,363,190,0.5234159779614325,終盤寄り,35分〜が最高、短時間帯との差 9.4%,35分〜,0.625,9.438775510204078,49,26,0.5306122448979592,0.3938062701991985,0.6629671810210522,52,25,0.4807692307692308,0.3510389470288445,0.6131454602947278,87,48,0.5517241379310345,0.447243599475858,0.6518299527292991,95,41,0.43157894736842106,0.336556700478959,0.5319197304974721,80,50,0.625,0.515485228513904,0.7230598374199523
110,ヴァルス,356,169,0.4747191011235955,明瞭な傾向なし,最高帯と端点の差が8ポイント未満、または非単調,25〜30分,0.5176470588235295,9.211514392991244,50,24,0.48,0.347969123955057,0.6148848774119157,47,20,0.425531914893617,0.2951341600182584,0.5671833122878847,85,44,0.5176470588235295,0.41297360126349636,0.6207943632936481,79,38,0.4810126582278481,0.3742954498192782,0.5894908604403015,95,43,0.45263157894736844,0.35632609157265266,0.5526191298725689
254,ヴァイ,351,177,0.5042735042735043,明瞭な傾向なし,最高帯と端点の差が8ポイント未満、または非単調,25〜30分,0.5432098765432098,10.090218423551756,52,23,0.4423076923076923,0.3159484718858809,0.5766047500848361,53,28,0.5283018867924528,0.39659852300756443,0.6561797239101858,81,44,0.5432098765432098,0.43523822983845284,0.647268464990499,74,36,0.4864864864864865,0.37611598006562663,0.5981908173280549,91,46,0.5054945054945055,0.4046479711950282,0.6058959251542532
876,リリア,349,188,0.5386819484240688,明瞭な傾向なし,最高帯と端点の差が8ポイント未満、または非単調,20〜25分,0.6486486486486487,14.864864864864868,59,35,0.5932203389830508,0.465931713655643,0.7091115697744415,37,24,0.6486486486486487,0.48758729517569566,0.7817459336889914,88,46,0.5227272727272727,0.4196177626380677,0.6239354855631831,72,36,0.5,0.3874689600472425,0.6125310399527575,93,47,0.5053763440860215,0.40558333097011484,0.6047428098619243
266,エイトロックス,347,176,0.5072046109510087,明瞭な傾向なし,最高帯と端点の差が8ポイント未満、または非単調,20〜25分,0.5576923076923077,12.745974955277283,54,29,0.5370370370370371,0.4060512701625496,0.6631031100758947,52,29,0.5576923076923077,0.4233952499151638,0.6840515281141191,75,40,0.5333333333333333,0.4215733915278032,0.6418449054118834,86,37,0.43023255813953487,0.3307917119906583,0.5356398742678231,80,41,0.5125,0.4049314460370689,0.6189230605563166
14,サイオン,347,187,0.5389048991354467,明瞭な傾向なし,最高帯と端点の差が8ポイント未満、または非単調,30〜35分,0.5909090909090909,12.57928118393235,43,20,0.46511627906976744,0.3251082626391856,0.6108461027112722,56,28,0.5,0.37331520958682995,0.62668479041317,75,41,0.5466666666666666,0.43448173699148246,0.6543038787240788,88,52,0.5909090909090909,0.486478944467597,0.6877340483374065,85,46,0.5411764705882353,0.43576147559119544,0.6430304417088081
50,スウェイン,342,171,0.5,明瞭な傾向なし,最高帯と端点の差が8ポイント未満、または非単調,25〜30分,0.5432098765432098,7.654320987654318,60,28,0.4666666666666667,0.34627701540988,0.5910679132886489,56,28,0.5,0.37331520958682995,0.62668479041317,81,44,0.5432098765432098,0.43523822983845284,0.647268464990499,76,36,0.47368421052631576,0.3654191301183306,0.5844816734727797,69,35,0.5072463768115942,0.3920506638364835,0.6216777550889657
53,ブリッツクランク,342,191,0.5584795321637427,中盤寄り,中間帯が最高、端点との差 8.1%,25〜30分,0.6233766233766234,8.051948051948054,53,26,0.49056603773584906,0.36124029356039444,0.6211669574670219,55,32,0.5818181818181818,0.4503286833116465,0.7026243295228106,77,48,0.6233766233766234,0.511725974706673,0.7233015358819349,87,47,0.5402298850574713,0.43602640443965585,0.641030802831022,70,38,0.5428571428571428,0.42698053396647745,0.6542744767591839
157,ヤスオ,337,173,0.5133531157270029,明瞭な傾向なし,最高帯と端点の差が8ポイント未満、または非単調,〜20分,0.5666666666666667,11.596244131455396,60,34,0.5666666666666667,0.4410321465469486,0.6842779960559936,53,27,0.5094339622641509,0.3788330425329779,0.6387597064396053,84,46,0.5476190476190477,0.4414284668698881,0.6496445554794317,71,32,0.4507042253521127,0.34047773339151494,0.5659913960765885,69,34,0.4927536231884058,0.3783222449110343,0.6079493361635164
420,イラオイ,324,174,0.5370370370370371,明瞭な傾向なし,最高帯と端点の差が8ポイント未満、または非単調,25〜30分,0.6621621621621622,21.47937411095306,54,32,0.5925925925925926,0.45966610248851525,0.7132198481075954,46,23,0.5,0.3611870167007237,0.6388129832992764,74,49,0.6621621621621622,0.5487829947311835,0.7595354365446382,76,34,0.4473684210526316,0.3408047599983352,0.5589968471838856,74,36,0.4864864864864865,0.37611598006562663,0.5981908173280549
58,レネクトン,320,157,0.490625,明瞭な傾向なし,最高帯と端点の差が8ポイント未満、または非単調,25〜30分,0.5588235294117647,19.882352941176475,56,28,0.5,0.37331520958682995,0.62668479041317,42,23,0.5476190476190477,0.399488627471227,0.6877683618136149,68,38,0.5588235294117647,0.44081654438286205,0.6705395501361909,75,27,0.36,0.26064766399338823,0.47299548885992776,79,41,0.5189873417721519,0.4105091395596985,0.6257045501807218
19,ワーウィック,314,161,0.5127388535031847,明瞭な傾向なし,最高帯と端点の差が8ポイント未満、または非単調,30〜35分,0.5512820512820513,14.702673213311519,47,19,0.40425531914893614,0.27639828961388174,0.5465813176368735,48,25,0.5208333333333334,0.38328995635984375,0.6552890998421254,67,36,0.5373134328358209,0.41916248694673824,0.6514175112464138,78,43,0.5512820512820513,0.4410917185751463,0.6566580810377646,74,38,0.5135135135135135,0.40180918267194504,0.6238840199343734
526,レル,309,139,0.44983818770226536,明瞭な傾向なし,最高帯と端点の差が8ポイント未満、または非単調,35分〜,0.5064935064935064,11.460161460161455,34,15,0.4411764705882353,0.2888324021529675,0.6054638221081631,45,22,0.4888888888888889,0.3495678935302451,0.6299577567351026,79,34,0.43037974683544306,0.32693647655482955,0.5402799943969628,74,29,0.3918918918918919,0.28864748449945055,0.5058068946500015,77,39,0.5064935064935064,0.3971981753430591,0.6151716936352886
17,ティーモ,304,148,0.4868421052631579,明瞭な傾向なし,最高帯と端点の差が8ポイント未満、または非単調,25〜30分,0.55,11.410256410256414,53,24,0.4528301886792453,0.32657368160147465,0.585462573535608,39,17,0.4358974358974359,0.2930452416170466,0.5902457652547789,60,33,0.55,0.424917145489815,0.6690654614623919,73,34,0.4657534246575342,0.35591852872281665,0.5790125502760589,79,40,0.5063291139240507,0.3983720753430729,0.6136991545704006
102,シヴァーナ,303,144,0.4752475247524752,明瞭な傾向なし,最高帯と端点の差が8ポイント未満、または非単調,25〜30分,0.5303030303030303,10.842803030303028,52,26,0.5,0.3688563855796992,0.6311436144203008,53,25,0.4716981132075472,0.3438202760898141,0.6034014769924353,66,35,0.5303030303030303,0.41157476624932443,0.6456976902808811,64,27,0.421875,0.3086959366145158,0.5439018794747275,68,31,0.45588235294117646,0.34304690695364476,0.5734360221570655
141,ケイン,300,158,0.5266666666666666,明瞭な傾向なし,最高帯と端点の差が8ポイント未満、または非単調,30〜35分,0.5866666666666667,12.398009950248756,44,24,0.5454545454545454,0.4006593217065349,0.6829499221314638,43,20,0.46511627906976744,0.3251082626391856,0.6108461027112722,71,39,0.5492957746478874,0.4340086039234116,0.6595222666084852,75,44,0.5866666666666667,0.4736631066346822,0.691224465408503,67,31,0.4626865671641791,0.3485824887535862,0.5808375130532616
887,グウェン,299,143,0.4782608695652174,明瞭な傾向なし,最高帯と端点の差が8ポイント未満、または非単調,25〜30分,0.5303030303030303,10.383244206773618,43,20,0.46511627906976744,0.3251082626391856,0.6108461027112722,45,22,0.4888888888888889,0.3495678935302451,0.6299577567351026,66,35,0.5303030303030303,0.41157476624932443,0.6456976902808811,77,37,0.4805194805194805,0.3725285050287548,0.5903618880362019,68,29,0.4264705882352941,0.31597057562082875,0.5448343062303549
18,トリスターナ,292,139,0.476027397260274,明瞭な傾向なし,最高帯と端点の差が8ポイント未満、または非単調,30〜35分,0.5131578947368421,8.815789473684216,40,17,0.425,0.2850916852481588,0.5780519956394001,49,24,0.4897959183673469,0.3557488315940086,0.6253266846659078,64,30,0.46875,0.3517578764404486,0.5892812499952488,76,39,0.5131578947368421,0.4028849903549509,0.622164607849494,63,29,0.4603174603174603,0.34308665416425693,0.5821096307840387
115,ジグス,281,131,0.46619217081850534,明瞭な傾向なし,最高帯と端点の差が8ポイント未満、または非単調,20〜25分,0.6222222222222222,27.936507936507937,40,24,0.6,0.44595619827393507,0.7365188938759865,45,28,0.6222222222222222,0.4762967000646754,0.7489211470165014,58,26,0.4482758620689655,0.32749651292941145,0.5754814177838947,68,29,0.4264705882352941,0.31597057562082875,0.5448343062303549,70,24,0.34285714285714286,0.24245827082896973,0.4596066898436051
106,ボリベア,275,136,0.49454545454545457,終盤寄り,35分〜が最高、短時間帯との差 12.8%,35分〜,0.6071428571428571,12.79761904761904,48,23,0.4791666666666667,0.34471090015787464,0.6167100436401561,44,19,0.4318181818181818,0.2968250416485458,0.5777610925944561,58,28,0.4827586206896552,0.35927974452990297,0.6083795657078657,69,32,0.463768115942029,0.35113991297637237,0.5802179923963817,56,34,0.6071428571428571,0.476331653784818,0.7241977438248715
32,アムム,270,150,0.5555555555555556,明瞭な傾向なし,最高帯と端点の差が8ポイント未満、または非単調,20〜25分,0.6774193548387096,25.636672325976228,38,16,0.42105263157894735,0.2785227481181953,0.5780792938687267,31,21,0.6774193548387096,0.501406855599508,0.8143076925268695,66,33,0.5,0.38273484399489194,0.6172651560051081,74,41,0.5540540540540541,0.4409291962707845,0.6618436141544894,61,39,0.639344262295082,0.5139167326739972,0.7482606349418545
63,ブランド,270,140,0.5185185185185185,中盤寄り,中間帯が最高、端点との差 15.9%,20〜25分,0.6451612903225806,15.867480383609411,45,16,0.35555555555555557,0.23218891356904045,0.5016445398804781,31,20,0.6451612903225806,0.46947638042814893,0.7888355225843419,56,36,0.6428571428571429,0.5119364571733127,0.7554360729729401,64,32,0.5,0.3810188849321495,0.6189811150678505,74,36,0.4864864864864865,0.37611598006562663,0.5981908173280549
5,シン・ジャオ,263,125,0.4752851711026616,終盤寄り,35分〜が最高、短時間帯との差 10.6%,35分〜,0.53125,10.571808510638297,47,20,0.425531914893617,0.2951341600182584,0.5671833122878847,40,18,0.45,0.30705075280944705,0.6017117011155924,54,26,0.48148148148148145,0.3539375603654322,0.6114852495153457,58,27,0.46551724137931033,0.3433181535782671,0.5920004668972703,64,34,0.53125,0.41071875000475133,0.6482421235595515
15,シヴィア,261,134,0.5134099616858238,中盤寄り,中間帯が最高、端点との差 8.6%,20〜25分,0.5714285714285714,8.613445378151258,32,14,0.4375,0.28165085969443177,0.6067469796877386,28,16,0.5714285714285714,0.390704789856154,0.7349170381926877,74,38,0.5135135135135135,0.40180918267194504,0.6238840199343734,59,33,0.559322033898305,0.43289130270422654,0.6784998776603726,68,33,0.4852941176470588,0.37050647184486607,0.6016545045253708
27,シンジド,259,138,0.5328185328185329,明瞭な傾向なし,最高帯と端点の差が8ポイント未満、または非単調,20〜25分,0.5853658536585366,8.536585365853655,35,19,0.5428571428571428,0.3818945134013752,0.6953422636623915,41,24,0.5853658536585366,0.433668353568366,0.7224366917466986,58,30,0.5172413793103449,0.3916204342921343,0.640720255470097,62,31,0.5,0.37922532216457727,0.6207746778354227,63,34,0.5396825396825397,0.4178903692159613,0.656913345835743
555,パイク,256,125,0.48828125,明瞭な傾向なし,最高帯と端点の差が8ポイント未満、または非単調,30〜35分,0.5357142857142857,12.061994609164417,47,25,0.5319148936170213,0.3923214192677079,0.6666853783153737,31,16,0.5161290322580645,0.3484011828697317,0.6803001396872116,53,22,0.41509433962264153,0.2926070830912865,0.5490581761554623,56,30,0.5357142857142857,0.40703956657240076,0.6598035659641623,69,32,0.463768115942029,0.35113991297637237,0.5802179923963817
59,ジャーヴァンⅣ,253,122,0.48221343873517786,終盤寄り,35分〜が最高、短時間帯との差 8.4%,35分〜,0.5384615384615384,8.39160839160839,44,20,0.45454545454545453,0.3170500778685361,0.599340678293465,38,15,0.39473684210526316,0.2559785926361891,0.5528241300130402,51,25,0.49019607843137253,0.3585726214230619,0.6231930455159039,55,27,0.4909090909090909,0.3637656048710159,0.6192396159251554,65,35,0.5384615384615384,0.4185318739862352,0.6540986285006332
523,アフェリオス,250,111,0.444,序盤寄り,〜20分が最高、長時間帯との差 15.5%,〜20分,0.5641025641025641,15.501165501165499,39,22,0.5641025641025641,0.4097542347452211,0.7069547583829534,28,9,0.32142857142857145,0.1793304754342074,0.5066149544436882,59,28,0.4745762711864407,0.35265669027401325,0.5996042324268729,58,25,0.43103448275862066,0.3118160080083492,0.5588212329427256,66,27,0.4090909090909091,0.29867234579227303,0.5295102846171105
62,ウーコン,249,129,0.5180722891566265,序盤寄り,〜20分が最高、長時間帯との差 19.0%,〜20分,0.6388888888888888,18.990929705215414,36,23,0.6388888888888888,0.4757478039083198,0.7752461320781867,38,21,0.5526315789473685,0.3970602917908942,0.6985383468844911,64,33,0.515625,0.39581392243999036,0.633666514342161,62,30,0.4838709677419355,0.3640965420650529,0.6055275253938182,49,22,0.4489795918367347,0.31852624929636336,0.5868513320032188
64,リー・シン,241,108,0.44813278008298757,序盤寄り,〜20分が最高、長時間帯との差 14.0%,〜20分,0.5555555555555556,14.046121593291405,45,25,0.5555555555555556,0.4117588341636532,0.6906129145096089,28,12,0.42857142857142855,0.2650829618073123,0.6092952101438459,59,25,0.423728813559322,0.3061253228310244,0.5506574452716337,56,24,0.42857142857142855,0.3076876241309292,0.5586261107959444,53,22,0.41509433962264153,0.2926070830912865,0.5490581761554623
223,タム・ケンチ,227,114,0.5022026431718062,明瞭な傾向なし,最高帯と端点の差が8ポイント未満、または非単調,20〜25分,0.5714285714285714,19.8547215496368,29,14,0.4827586206896552,0.3138581933079522,0.6556926202943085,42,24,0.5714285714285714,0.4220597791187447,0.7088257048085178,52,29,0.5576923076923077,0.4233952499151638,0.6840515281141191,59,22,0.3728813559322034,0.2608381803258515,0.5004664331785788,45,25,0.5555555555555556,0.4117588341636532,0.6906129145096089
134,シンドラ,222,104,0.46846846846846846,中盤寄り,中間帯が最高、端点との差 8.5%,20〜25分,0.56,8.542372881355936,39,16,0.41025641025641024,0.2707908943540048,0.565816515266551,25,14,0.56,0.37067017019564436,0.7333462505299743,46,20,0.43478260869565216,0.3020904595919057,0.5775281722337177,53,26,0.49056603773584906,0.36124029356039444,0.6211669574670219,59,28,0.4745762711864407,0.35265669027401325,0.5996042324268729
57,マオカイ,215,100,0.46511627906976744,明瞭な傾向なし,最高帯と端点の差が8ポイント未満、または非単調,25〜30分,0.48936170212765956,4.491725768321514,36,16,0.4444444444444444,0.29541029876543135,0.6041921268399659,20,9,0.45,0.25819502085709295,0.6579179916924003,47,23,0.48936170212765956,0.3527532433660351,0.6275778241062712,55,26,0.4727272727272727,0.34692885310480803,0.6020868092837061,57,26,0.45614035087719296,0.33372399504811395,0.5840953916872776
201,ブラウム,208,100,0.4807692307692308,終盤寄り,35分〜が最高、短時間帯との差 19.3%,35分〜,0.5263157894736842,19.298245614035086,36,12,0.3333333333333333,0.20214424774586046,0.4966630290703315,37,19,0.5135135135135135,0.3589463722598092,0.6655384667278896,51,26,0.5098039215686274,0.3768069544840959,0.641427378576938,46,23,0.5,0.3611870167007237,0.6388129832992764,38,20,0.5263157894736842,0.37258710742710854,0.675212211910584
518,ニーコ,207,106,0.5120772946859904,明瞭な傾向なし,最高帯と端点の差が8ポイント未満、または非単調,〜20分,0.6071428571428571,20.363408521303256,28,17,0.6071428571428571,0.42408726034906297,0.7643454817241996,29,17,0.5862068965517241,0.4073752847851524,0.7448706472035448,48,25,0.5208333333333334,0.38328995635984375,0.6552890998421254,57,23,0.40350877192982454,0.2861732352653998,0.5330294155524615,45,24,0.5333333333333333,0.39077208862410456,0.6706509605798527
34,アニビア,202,112,0.5544554455445545,中盤寄り,中間帯が最高、端点との差 15.2%,30〜35分,0.6521739130434783,15.217391304347828,31,15,0.4838709677419355,0.3196998603127883,0.6515988171302682,22,11,0.5,0.3072180469247956,0.6927819530752043,47,28,0.5957446808510638,0.4534186823631264,0.7236017103861183,46,30,0.6521739130434783,0.5076979217727257,0.7731919373008194,56,28,0.5,0.37331520958682995,0.62668479041317
136,オレリオン・ソル,195,109,0.558974358974359,明瞭な傾向なし,最高帯と端点の差が8ポイント未満、または非単調,〜20分,0.6296296296296297,11.238825031928478,27,17,0.6296296296296297,0.442289046234463,0.7846771293206315,29,15,0.5172413793103449,0.34430737970569164,0.6861418066920479,36,20,0.5555555555555556,0.39580787316003413,0.7045897012345685,47,26,0.5531914893617021,0.4124521373875824,0.685892525250887,56,31,0.5535714285714286,0.4241298613178389,0.676134837487006
74,ハイマーディンガー,193,101,0.5233160621761658,中盤寄り,中間帯が最高、端点との差 8.9%,20〜25分,0.631578947368421,8.87218045112782,35,19,0.5428571428571428,0.3818945134013752,0.6953422636623915,19,12,0.631578947368421,0.41039157498156714,0.8085072762372616,43,23,0.5348837209302325,0.3891538972887278,0.6748917373608144,43,20,0.46511627906976744,0.3251082626391856,0.6108461027112722,53,27,0.5094339622641509,0.3788330425329779,0.6387597064396053
55,カタリナ,189,84,0.4444444444444444,明瞭な傾向なし,最高帯と端点の差が8ポイント未満、または非単調,20〜25分,0.5517241379310345,19.878296146044622,25,13,0.52,0.3349821795314731,0.6996899607103999,29,16,0.5517241379310345,0.37547667068067625,0.7158708885125421,53,23,0.4339622641509434,0.30950190698960345,0.5673488502023122,51,18,0.35294117647058826,0.2363430538125979,0.4901419502718926,31,14,0.45161290322580644,0.29161482836586106,0.6222812039633085
7,ルブラン,189,88,0.4656084656084656,序盤寄り,〜20分が最高、長時間帯との差 16.2%,〜20分,0.5675675675675675,16.21621621621621,37,21,0.5675675675675675,0.40913906334200717,0.7132851315964869,34,15,0.4411764705882353,0.2888324021529675,0.6054638221081631,40,17,0.425,0.2850916852481588,0.5780519956394001,41,20,0.4878048780487805,0.34254187239935696,0.6351574068413481,37,15,0.40540540540540543,0.2634629583994014,0.565143168686707
245,エコー,188,97,0.5159574468085106,中盤寄り,中間帯が最高、端点との差 10.9%,25〜30分,0.5869565217391305,10.869565217391308,28,13,0.4642857142857143,0.2953130373965958,0.6418760485789833,35,17,0.4857142857142857,0.32993980391252736,0.6443146037328836,46,27,0.5869565217391305,0.44339242387017885,0.7171160670289898,33,18,0.5454545454545454,0.3798565794374957,0.701573108741085,46,22,0.4782608695652174,0.34124459875672114,0.6186282785184868
893,オーロラ,186,96,0.5161290322580645,明瞭な傾向なし,最高帯と端点の差が8ポイント未満、または非単調,35分〜,0.6153846153846154,20.234113712374587,34,19,0.5588235294117647,0.3945361778918369,0.7111675978470325,23,12,0.5217391304347826,0.32962429864218495,0.7076313046005428,46,19,0.41304347826086957,0.2828839329710102,0.5566075761298211,44,22,0.5,0.35831521095931473,0.6416847890406853,39,24,0.6153846153846154,0.45898781310078474,0.7510883745299294
236,ルシアン,185,83,0.4486486486486487,明瞭な傾向なし,最高帯と端点の差が8ポイント未満、または非単調,25〜30分,0.4782608695652174,13.615560640732266,38,18,0.47368421052631576,0.32478778808941583,0.6274128925728913,19,9,0.47368421052631576,0.2732950548744854,0.6829251748817489,46,22,0.4782608695652174,0.34124459875672114,0.6186282785184868,38,13,0.34210526315789475,0.21212220026458956,0.5010818837092545,44,21,0.4772727272727273,0.3375475794427176,0.620647798638283
78,ポッピー,179,91,0.5083798882681564,序盤寄り,〜20分が最高、長時間帯との差 14.0%,〜20分,0.65625,14.01209677419355,32,21,0.65625,0.4831077350878594,0.7958976664567146,21,9,0.42857142857142855,0.24469699486521046,0.6345378370296754,51,26,0.5098039215686274,0.3768069544840959,0.641427378576938,44,19,0.4318181818181818,0.2968250416485458,0.5777610925944561,31,16,0.5161290322580645,0.3484011828697317,0.6803001396872116
350,ユーミ,178,48,0.2696629213483146,終盤寄り,35分〜が最高、短時間帯との差 41.3%,35分〜,0.5,41.30434782608695,46,4,0.08695652173913043,0.03433531187670749,0.20324935635224176,30,7,0.23333333333333334,0.11792239210501229,0.40928672330324267,37,9,0.24324324324324326,0.13361203432663307,0.40117602490708953,35,13,0.37142857142857144,0.2316560736889106,0.5366335951197893,30,15,0.5,0.3315385122717376,0.6684614877282624
161,ヴェル＝コズ,178,100,0.5617977528089888,明瞭な傾向なし,最高帯と端点の差が8ポイント未満、または非単調,30〜35分,0.6222222222222222,14.603174603174606,26,15,0.5769230769230769,0.3894829692111983,0.7445581009727059,21,10,0.47619047619047616,0.28343712296762946,0.6763078209973326,36,18,0.5,0.34474067624730526,0.6552593237526948,45,28,0.6222222222222222,0.4762967000646754,0.7489211470165014,50,29,0.58,0.4423319668777783,0.7062520276543306
497,ラカン,175,83,0.4742857142857143,明瞭な傾向なし,最高帯と端点の差が8ポイント未満、または非単調,35分〜,0.5128205128205128,7.379612257661034,30,14,0.4666666666666667,0.3023212722412823,0.6385798671847496,25,11,0.44,0.26665374947002574,0.6293298298043556,40,20,0.5,0.3519927879709976,0.6480072120290024,41,18,0.43902439024390244,0.2988990477210983,0.5895973484824271,39,20,0.5128205128205128,0.3619910864569657,0.6613507121686691
897,カ・サンテ,173,80,0.4624277456647399,明瞭な傾向なし,最高帯と端点の差が8ポイント未満、または非単調,30〜35分,0.5,7.8947368421052655,24,11,0.4583333333333333,0.27891058351681425,0.6492544644689338,19,8,0.42105263157894735,0.2314162039203038,0.637244485348399,49,23,0.46938775510204084,0.33703281897894777,0.6061937298008014,44,22,0.5,0.35831521095931473,0.6416847890406853,37,16,0.43243243243243246,0.2867148684035132,0.5908609366579929
6,アーゴット,172,91,0.5290697674418605,中盤寄り,中間帯が最高、端点との差 9.1%,20〜25分,0.6129032258064516,9.116409537166902,23,12,0.5217391304347826,0.32962429864218495,0.7076313046005428,31,19,0.6129032258064516,0.43823801141131963,0.7626712464872842,41,22,0.5365853658536586,0.38746215345974366,0.6794400088181413,35,18,0.5142857142857142,0.35568539626711626,0.6700601960874725,42,20,0.47619047619047616,0.33359364475964953,0.6227778605979296
221,ゼリ,169,81,0.47928994082840237,終盤寄り,35分〜が最高、短時間帯との差 12.1%,35分〜,0.6206896551724138,12.06896551724138,32,16,0.5,0.33630614316859386,0.6636938568314061,26,9,0.34615384615384615,0.19412014972852126,0.53779770990367,47,23,0.48936170212765956,0.3527532433660351,0.6275778241062712,35,15,0.42857142857142855,0.27984333081678914,0.5914287074102662,29,18,0.6206896551724138,0.4400222620928496,0.7731220426913266
117,ルル,169,76,0.44970414201183434,終盤寄り,35分〜が最高、短時間帯との差 8.0%,35分〜,0.5384615384615384,8.012820512820513,24,11,0.4583333333333333,0.27891058351681425,0.6492544644689338,23,10,0.43478260869565216,0.25634368332198654,0.6318895069498304,38,13,0.34210526315789475,0.21212220026458956,0.5010818837092545,45,21,0.4666666666666667,0.3293490394201473,0.6092279113758954,39,21,0.5384615384615384,0.38569186821738816,0.6843335276595165
516,オーン,168,80,0.47619047619047616,明瞭な傾向なし,最高帯と端点の差が8ポイント未満、または非単調,35分〜,0.5517241379310345,14.631873252562904,29,14,0.4827586206896552,0.3138581933079522,0.6556926202943085,27,12,0.4444444444444444,0.27585597670072826,0.6268728052042312,37,15,0.40540540540540543,0.2634629583994014,0.565143168686707,46,23,0.5,0.3611870167007237,0.6388129832992764,29,16,0.5517241379310345,0.37547667068067625,0.7158708885125421
43,カルマ,168,97,0.5773809523809523,明瞭な傾向なし,最高帯と端点の差が8ポイント未満、または非単調,20〜25分,0.625,8.445945945945944,31,18,0.5806451612903226,0.4076596435202097,0.7358469692645074,16,10,0.625,0.38640647097934805,0.8151901744524719,37,20,0.5405405405405406,0.3838377952476737,0.6896167217154228,46,26,0.5652173913043478,0.42247182776628217,0.6979095404080942,38,23,0.6052631578947368,0.44717586998695963,0.7440214073638108
238,ゼド,165,82,0.49696969696969695,中盤寄り,中間帯が最高、端点との差 8.5%,20〜25分,0.6206896551724138,8.497536945812811,28,15,0.5357142857142857,0.35812395142101666,0.7046869626034041,29,18,0.6206896551724138,0.4400222620928496,0.7731220426913266,27,12,0.4444444444444444,0.27585597670072826,0.6268728052042312,35,15,0.42857142857142855,0.27984333081678914,0.5914287074102662,46,22,0.4782608695652174,0.34124459875672114,0.6186282785184868
805,ロック,164,71,0.4329268292682927,序盤寄り,〜20分が最高、長時間帯との差 26.5%,〜20分,0.6764705882352942,26.470588235294123,34,23,0.6764705882352942,0.5084258404811939,0.8086854867354143,24,9,0.375,0.21159133433631455,0.5729038096209293,35,14,0.4,0.2555050493330724,0.5642758041848053,37,11,0.2972972972972973,0.174893023464082,0.45783439172043583,34,14,0.4117647058823529,0.2636573778568886,0.5777869585348073
267,ナミ,163,75,0.4601226993865031,中盤寄り,中間帯が最高、端点との差 15.1%,20〜25分,0.5454545454545454,15.071770334928225,29,11,0.3793103448275862,0.2268779573086734,0.5599777379071503,22,12,0.5454545454545454,0.3465947328904156,0.7307998556799515,35,18,0.5142857142857142,0.35568539626711626,0.6700601960874725,39,19,0.48717948717948717,0.3386492878313309,0.6380089135430344,38,15,0.39473684210526316,0.2559785926361891,0.5528241300130402
104,グレイブス,162,76,0.4691358024691358,明瞭な傾向なし,最高帯と端点の差が8ポイント未満、または非単調,20〜25分,0.5789473684210527,26.783625730994153,28,16,0.5714285714285714,0.390704789856154,0.7349170381926877,19,11,0.5789473684210527,0.3627555146516011,0.7685837960796963,40,21,0.525,0.37497106853929735,0.6706477044981831,45,14,0.3111111111111111,0.19528525463541907,0.4566507998754897,30,14,0.4666666666666667,0.3023212722412823,0.6385798671847496
164,カミール,159,77,0.48427672955974843,終盤寄り,35分〜が最高、短時間帯との差 15.6%,35分〜,0.5555555555555556,15.555555555555555,25,10,0.4,0.23403057664190918,0.5926087221487266,24,11,0.4583333333333333,0.27891058351681425,0.6492544644689338,35,18,0.5142857142857142,0.35568539626711626,0.6700601960874725,39,18,0.46153846153846156,0.3156664723404835,0.6143081317826118,36,20,0.5555555555555556,0.39580787316003413,0.7045897012345685
91,タロン,158,82,0.5189873417721519,明瞭な傾向なし,最高帯と端点の差が8ポイント未満、または非単調,30〜35分,0.5853658536585366,22.536585365853657,31,18,0.5806451612903226,0.4076596435202097,0.7358469692645074,25,9,0.36,0.20247656431735636,0.5548184539895337,34,18,0.5294117647058824,0.3673644042005484,0.6854874836688863,41,24,0.5853658536585366,0.433668353568366,0.7224366917466986,27,13,0.48148148148148145,0.3074295064970908,0.6601467541378958
120,ヘカリム,155,79,0.5096774193548387,中盤寄り,中間帯が最高、端点との差 11.9%,20〜25分,0.6190476190476191,11.904761904761907,24,12,0.5,0.3142713162776308,0.6857286837223692,21,13,0.6190476190476191,0.40878295815501514,0.7924923220201749,40,19,0.475,0.32935229550181694,0.6250289314607026,37,21,0.5675675675675675,0.40913906334200717,0.7132851315964869,33,14,0.42424242424242425,0.272353589950299,0.5919302630853998
23,トリンダメア,151,74,0.4900662251655629,明瞭な傾向なし,最高帯と端点の差が8ポイント未満、または非単調,20〜25分,0.5789473684210527,20.75187969924812,31,17,0.5483870967741935,0.37771879603669134,0.7083851716341388,19,11,0.5789473684210527,0.3627555146516011,0.7685837960796963,35,16,0.45714285714285713,0.30465773633760845,0.6181054865986247,31,17,0.5483870967741935,0.37771879603669134,0.7083851716341388,35,13,0.37142857142857144,0.2316560736889106,0.5366335951197893
12,アリスター,147,66,0.4489795918367347,中盤寄り,中間帯が最高、端点との差 18.5%,20〜25分,0.5789473684210527,18.500797448165873,31,12,0.3870967741935484,0.23732875351271562,0.5617619885886803,19,11,0.5789473684210527,0.3627555146516011,0.7685837960796963,26,12,0.46153846153846156,0.28755582695234905,0.6454236379556988,38,18,0.47368421052631576,0.32478778808941583,0.6274128925728913,33,13,0.3939393939393939,0.24682882231508205,0.5631685719348962
498,ザヤ,147,74,0.5034013605442177,終盤寄り,35分〜が最高、短時間帯との差 31.4%,35分〜,0.6666666666666666,31.37254901960784,17,6,0.35294117647058826,0.17309486143904904,0.5870003327878818,17,9,0.5294117647058824,0.3096289731154949,0.738351988039119,37,18,0.4864864864864865,0.3344615332721104,0.6410536277401908,46,21,0.45652173913043476,0.3215451042112199,0.5982006503391958,30,20,0.6666666666666666,0.4877972581383026,0.807697044731538
67,ヴェイン,145,69,0.47586206896551725,終盤寄り,35分〜が最高、短時間帯との差 16.5%,35分〜,0.59375,16.517857142857146,21,9,0.42857142857142855,0.24469699486521046,0.6345378370296754,18,10,0.5555555555555556,0.33716069428251627,0.7544076889861088,46,15,0.32608695652173914,0.20865764564493355,0.4703253725567292,28,16,0.5714285714285714,0.390704789856154,0.7349170381926877,32,19,0.59375,0.4225972657298823,0.744805975196862
35,シャコ,142,78,0.5492957746478874,中盤寄り,中間帯が最高、端点との差 9.5%,25〜30分,0.6666666666666666,9.523809523809524,21,12,0.5714285714285714,0.3654621629703245,0.7553030051347894,23,14,0.6086956521739131,0.40785179603745997,0.7784262201761787,33,22,0.6666666666666666,0.49607581799949974,0.8024997053219629,39,18,0.46153846153846156,0.3156664723404835,0.6143081317826118,26,12,0.46153846153846156,0.28755582695234905,0.6454236379556988
113,セジュアニ,142,74,0.5211267605633803,終盤寄り,35分〜が最高、短時間帯との差 26.7%,35分〜,0.6956521739130435,26.70807453416149,28,12,0.42857142857142855,0.2650829618073123,0.6092952101438459,25,14,0.56,0.37067017019564436,0.7333462505299743,41,18,0.43902439024390244,0.2988990477210983,0.5895973484824271,25,14,0.56,0.37067017019564436,0.7333462505299743,23,16,0.6956521739130435,0.4913387093942739,0.8439617197902755
142,ゾーイ,137,76,0.5547445255474452,明瞭な傾向なし,最高帯と端点の差が8ポイント未満、または非単調,〜20分,0.6363636363636364,16.267942583732058,22,14,0.6363636363636364,0.4295134934371804,0.8026702722739211,19,9,0.47368421052631576,0.2732950548744854,0.6829251748817489,27,14,0.5185185185185185,0.33985324586210425,0.6925704935029092,32,18,0.5625,0.3932530203122613,0.7183491403055682,37,21,0.5675675675675675,0.40913906334200717,0.7132851315964869
48,トランドル,137,77,0.5620437956204379,中盤寄り,中間帯が最高、端点との差 36.6%,20〜25分,0.8461538461538461,36.61538461538461,20,7,0.35,0.1811895478679446,0.5671494897805353,26,22,0.8461538461538461,0.6646841558168644,0.9385006600107052,34,19,0.5588235294117647,0.3945361778918369,0.7111675978470325,32,17,0.53125,0.3644923793257382,0.6913087009831766,25,12,0.48,0.30031003928960015,0.665017820468527
61,オリアナ,135,56,0.4148148148148148,判定保留（分母不足）,全5帯で各15試合未満の帯がある,25〜30分,0.5,,25,12,0.48,0.30031003928960015,0.665017820468527,13,5,0.38461538461538464,0.17709446581236818,0.6447751902773147,26,13,0.5,0.3206030631500208,0.6793969368499793,34,15,0.4411764705882353,0.2888324021529675,0.6054638221081631,37,11,0.2972972972972973,0.174893023464082,0.45783439172043583
360,サミーラ,135,68,0.5037037037037037,明瞭な傾向なし,最高帯と端点の差が8ポイント未満、または非単調,25〜30分,0.5675675675675675,11.929170549860203,23,11,0.4782608695652174,0.29236869539945726,0.6703757013578151,20,9,0.45,0.25819502085709295,0.6579179916924003,37,21,0.5675675675675675,0.40913906334200717,0.7132851315964869,29,13,0.4482758620689655,0.2841291114874579,0.6245233293193238,26,14,0.5384615384615384,0.35457636204430115,0.712444173047651
28,イブリン,133,65,0.48872180451127817,中盤寄り,中間帯が最高、端点との差 10.7%,30〜35分,0.5555555555555556,10.727969348659006,29,13,0.4482758620689655,0.2841291114874579,0.6245233293193238,20,10,0.5,0.2992949144298199,0.70070508557018,28,14,0.5,0.32632846832446344,0.6736715316755366,27,15,0.5555555555555556,0.3731271947957688,0.7241440232992717,29,13,0.4482758620689655,0.2841291114874579,0.6245233293193238
68,ランブル,133,78,0.5864661654135338,中盤寄り,中間帯が最高、端点との差 10.6%,25〜30分,0.6666666666666666,10.569105691056901,25,14,0.56,0.37067017019564436,0.7333462505299743,17,9,0.5294117647058824,0.3096289731154949,0.738351988039119,30,20,0.6666666666666666,0.4877972581383026,0.807697044731538,20,12,0.6,0.38657794231520604,0.7811960325858073,41,23,0.5609756097560976,0.41040265151757305,0.7011009522789018
72,スカーナー,129,65,0.5038759689922481,判定保留（分母不足）,全5帯で各15試合未満の帯がある,〜20分,0.55,,20,11,0.55,0.34208200830759966,0.741804979142907,11,6,0.5454545454545454,0.2800877556899882,0.7872904245601196,31,16,0.5161290322580645,0.3484011828697317,0.6803001396872116,34,15,0.4411764705882353,0.2888324021529675,0.6054638221081631,33,17,0.5151515151515151,0.35218104586210247,0.6749621835307578
10,ケイル,121,67,0.5537190082644629,判定保留（分母不足）,全5帯で各15試合未満の帯がある,35分〜,0.7037037037037037,,14,9,0.6428571428571429,0.3876400468214041,0.8365550926279727,13,5,0.38461538461538464,0.17709446581236818,0.6447751902773147,30,14,0.4666666666666667,0.3023212722412823,0.6385798671847496,37,20,0.5405405405405406,0.3838377952476737,0.6896167217154228,27,19,0.7037037037037037,0.515189666191624,0.8414714668235244
126,ジェイス,116,53,0.45689655172413796,明瞭な傾向なし,最高帯と端点の差が8ポイント未満、または非単調,30〜35分,0.5,8.333333333333332,19,8,0.42105263157894735,0.2314162039203038,0.637244485348399,21,10,0.47619047619047616,0.28343712296762946,0.6763078209973326,24,10,0.4166666666666667,0.24467347246538232,0.6116566235061137,22,11,0.5,0.3072180469247956,0.6927819530752043,30,14,0.4666666666666667,0.3023212722412823,0.6385798671847496
203,キンドレッド,114,50,0.43859649122807015,明瞭な傾向なし,最高帯と端点の差が8ポイント未満、または非単調,25〜30分,0.56,32.00000000000001,16,7,0.4375,0.2309836333518552,0.6682180439322348,24,10,0.4166666666666667,0.24467347246538232,0.6116566235061137,25,14,0.56,0.37067017019564436,0.7333462505299743,25,6,0.24,0.11496157730326727,0.4343005995523857,24,13,0.5416666666666666,0.3507455355310663,0.7210894164831857
98,シェン,110,64,0.5818181818181818,明瞭な傾向なし,最高帯と端点の差が8ポイント未満、または非単調,〜20分,0.6666666666666666,26.66666666666666,24,16,0.6666666666666666,0.46705959494080457,0.8202802131162036,15,6,0.4,0.19824228082594664,0.6425355724349229,27,18,0.6666666666666666,0.47824419872105484,0.8135694555640666,16,7,0.4375,0.2309836333518552,0.6682180439322348,28,17,0.6071428571428571,0.42408726034906297,0.7643454817241996
904,ザーヘン,102,53,0.5196078431372549,明瞭な傾向なし,最高帯と端点の差が8ポイント未満、または非単調,20〜25分,0.5882352941176471,15.073529411764708,19,11,0.5789473684210527,0.3627555146516011,0.7685837960796963,17,10,0.5882352941176471,0.3600507438551554,0.7838921396086861,16,7,0.4375,0.2309836333518552,0.6682180439322348,26,14,0.5384615384615384,0.35457636204430115,0.712444173047651,24,11,0.4583333333333333,0.27891058351681425,0.6492544644689338
20,ヌヌ＆ウィルンプ,98,46,0.46938775510204084,判定保留（分母不足）,全5帯で各15試合未満の帯がある,30〜35分,0.5238095238095238,,18,9,0.5,0.2903070395897999,0.7096929604102001,12,5,0.4166666666666667,0.19325746190524654,0.6804926643446271,24,11,0.4583333333333333,0.27891058351681425,0.6492544644689338,21,11,0.5238095238095238,0.3236921790026675,0.7165628770323705,23,10,0.43478260869565216,0.25634368332198654,0.6318895069498304
9,フィドルスティックス,97,45,0.4639175257731959,判定保留（分母不足）,全5帯で各15試合未満の帯がある,35分〜,0.5666666666666667,,14,5,0.35714285714285715,0.16344490737202735,0.6123599531785959,10,3,0.3,0.10778928748621182,0.6032267800204347,18,7,0.3888888888888889,0.2030499192693116,0.6138133141934383,25,13,0.52,0.3349821795314731,0.6996899607103999,30,17,0.5666666666666667,0.39197009545408734,0.7262276256938489
77,ウディア,95,53,0.5578947368421052,判定保留（分母不足）,全5帯で各15試合未満の帯がある,20〜25分,0.6666666666666666,,15,8,0.5333333333333333,0.3011663015105079,0.7519077474025356,12,8,0.6666666666666666,0.3906175873976139,0.8618821601026386,22,10,0.45454545454545453,0.26920014432004846,0.6534052671095845,27,17,0.6296296296296297,0.442289046234463,0.7846771293206315,19,10,0.5263157894736842,0.31707482511825114,0.7267049451255145
2,オラフ,95,38,0.4,判定保留（分母不足）,全5帯で各15試合未満の帯がある,30〜35分,0.5357142857142857,,17,3,0.17647058823529413,0.06191013712548989,0.41029929017375777,9,4,0.4444444444444444,0.188775429471914,0.7333526542559703,21,6,0.2857142857142857,0.138136757456282,0.49956773822837586,28,15,0.5357142857142857,0.35812395142101666,0.7046869626034041,20,10,0.5,0.2992949144298199,0.70070508557018
154,ザック,94,45,0.4787234042553192,判定保留（分母不足）,全5帯で各15試合未満の帯がある,30〜35分,0.5714285714285714,,19,8,0.42105263157894735,0.2314162039203038,0.637244485348399,13,6,0.46153846153846156,0.23205754301488138,0.7085656756816795,22,11,0.5,0.3072180469247956,0.6927819530752043,21,12,0.5714285714285714,0.3654621629703245,0.7553030051347894,19,8,0.42105263157894735,0.2314162039203038,0.637244485348399
902,ミリオ,91,45,0.4945054945054945,判定保留（分母不足）,全5帯で各15試合未満の帯がある,30〜35分,0.7368421052631579,,7,4,0.5714285714285714,0.2504542304090258,0.8417830777373732,19,11,0.5789473684210527,0.3627555146516011,0.7685837960796963,28,10,0.35714285714285715,0.20705611972458876,0.5417002241777278,19,14,0.7368421052631579,0.5120803155892935,0.8819376166045982,18,6,0.3333333333333333,0.16278554363662856,0.5625093065574964
105,フィズ,90,49,0.5444444444444444,判定保留（分母不足）,全5帯で各15試合未満の帯がある,〜20分,0.8181818181818182,,11,9,0.8181818181818182,0.5230138624217553,0.9486333993289994,14,9,0.6428571428571429,0.3876400468214041,0.8365550926279727,31,13,0.41935483870967744,0.26415303073549257,0.5923403564797902,16,9,0.5625,0.3317819560677652,0.7690163666481449,18,9,0.5,0.2903070395897999,0.7096929604102001
37,ソナ,86,40,0.46511627906976744,判定保留（分母不足）,全5帯で各15試合未満の帯がある,30〜35分,0.5909090909090909,,12,3,0.25,0.08894003962896137,0.53231033912066,13,4,0.3076923076923077,0.1268049716161809,0.5763111218666236,18,9,0.5,0.2903070395897999,0.7096929604102001,22,13,0.5909090909090909,0.3873447738289381,0.7674444033117963,21,11,0.5238095238095238,0.3236921790026675,0.7165628770323705
4,ツイステッド・フェイト,85,37,0.43529411764705883,判定保留（分母不足）,全5帯で各15試合未満の帯がある,〜20分,0.5384615384615384,,13,7,0.5384615384615384,0.29143432431832045,0.7679424569851186,10,5,0.5,0.2365895936154873,0.7634104063845127,27,13,0.48148148148148145,0.3074295064970908,0.6601467541378958,19,8,0.42105263157894735,0.2314162039203038,0.637244485348399,16,4,0.25,0.10181901984237347,0.4949876892939865
150,ナー,85,36,0.4235294117647059,判定保留（分母不足）,全5帯で各15試合未満の帯がある,〜20分,0.6428571428571429,,14,9,0.6428571428571429,0.3876400468214041,0.8365550926279727,9,3,0.3333333333333333,0.12058159868274292,0.6458026525009103,22,8,0.36363636363636365,0.19732972772607899,0.5704865065628195,20,8,0.4,0.21880396741419272,0.613422057684794,20,8,0.4,0.21880396741419272,0.613422057684794
200,ベル＝ヴェス,85,39,0.4588235294117647,判定保留（分母不足）,全5帯で各15試合未満の帯がある,25〜30分,0.5238095238095238,,18,7,0.3888888888888889,0.2030499192693116,0.6138133141934383,19,9,0.47368421052631576,0.2732950548744854,0.6829251748817489,21,11,0.5238095238095238,0.3236921790026675,0.7165628770323705,15,7,0.4666666666666667,0.24809225259746442,0.6988336984894922,12,5,0.4166666666666667,0.19325746190524654,0.6804926643446271
29,トゥイッチ,84,43,0.5119047619047619,判定保留（分母不足）,全5帯で各15試合未満の帯がある,〜20分,0.625,,16,10,0.625,0.38640647097934805,0.8151901744524719,14,6,0.42857142857142855,0.21380509930400526,0.6740973309713064,20,9,0.45,0.25819502085709295,0.6579179916924003,16,7,0.4375,0.2309836333518552,0.6682180439322348,18,11,0.6111111111111112,0.3861866858065617,0.7969500807306884
133,クイン,80,43,0.5375,判定保留（分母不足）,全5帯で各15試合未満の帯がある,35分〜,0.7368421052631579,,15,9,0.6,0.357464427565077,0.8017577191740534,9,4,0.4444444444444444,0.188775429471914,0.7333526542559703,21,6,0.2857142857142857,0.138136757456282,0.49956773822837586,16,10,0.625,0.38640647097934805,0.8151901744524719,19,14,0.7368421052631579,0.5120803155892935,0.8819376166045982
30,カーサス,79,43,0.5443037974683544,判定保留（分母不足）,全5帯で各15試合未満の帯がある,20〜25分,0.8461538461538461,,15,9,0.6,0.357464427565077,0.8017577191740534,13,11,0.8461538461538461,0.5776482949136899,0.9567427368172621,17,7,0.4117647058823529,0.21610786039131383,0.6399492561448445,12,5,0.4166666666666667,0.19325746190524654,0.6804926643446271,22,11,0.5,0.3072180469247956,0.6927819530752043
121,カ＝ジックス,78,34,0.4358974358974359,判定保留（分母不足）,全5帯で各15試合未満の帯がある,20〜25分,0.5454545454545454,,17,8,0.47058823529411764,0.26164801196088106,0.6903710268845051,11,6,0.5454545454545454,0.2800877556899882,0.7872904245601196,19,7,0.3684210526315789,0.19149272376273838,0.5896084250184327,17,9,0.5294117647058824,0.3096289731154949,0.738351988039119,14,4,0.2857142857142857,0.11721187910109102,0.546495411724844
246,キヤナ,78,30,0.38461538461538464,判定保留（分母不足）,全5帯で各15試合未満の帯がある,35分〜,0.5882352941176471,,10,4,0.4,0.16817758120350967,0.6873304525498135,12,6,0.5,0.2537781703934222,0.7462218296065778,21,6,0.2857142857142857,0.138136757456282,0.49956773822837586,18,4,0.2222222222222222,0.09000781913382,0.4521502645230549,17,10,0.5882352941176471,0.3600507438551554,0.7838921396086861
114,フィオラ,78,47,0.6025641025641025,判定保留（分母不足）,全5帯で各15試合未満の帯がある,〜20分,0.7333333333333333,,15,11,0.7333333333333333,0.48049110342313245,0.8910272389681717,9,5,0.5555555555555556,0.26664734574402965,0.8112245705280859,26,15,0.5769230769230769,0.3894829692111983,0.7445581009727059,14,8,0.5714285714285714,0.3259026690286936,0.7861949006959947,14,8,0.5714285714285714,0.3259026690286936,0.7861949006959947
96,コグ＝マウ,76,36,0.47368421052631576,判定保留（分母不足）,全5帯で各15試合未満の帯がある,30〜35分,0.5909090909090909,,12,7,0.5833333333333334,0.3195073356553728,0.8067425380947534,10,4,0.4,0.16817758120350967,0.6873304525498135,19,6,0.3157894736842105,0.15364171004428598,0.5398998982493537,22,13,0.5909090909090909,0.3873447738289381,0.7674444033117963,13,6,0.46153846153846156,0.23205754301488138,0.7085656756816795
119,ドレイヴン,76,46,0.6052631578947368,判定保留（分母不足）,全5帯で各15試合未満の帯がある,20〜25分,0.8333333333333334,,9,4,0.4444444444444444,0.188775429471914,0.7333526542559703,12,10,0.8333333333333334,0.5519636426153274,0.9530358523851776,23,13,0.5652173913043478,0.36811049305016963,0.7436563166780135,19,11,0.5789473684210527,0.3627555146516011,0.7685837960796963,13,8,0.6153846153846154,0.3552248097226855,0.8229055341876319
13,ライズ,75,32,0.4266666666666667,判定保留（分母不足）,全5帯で各15試合未満の帯がある,30〜35分,0.5217391304347826,,10,5,0.5,0.2365895936154873,0.7634104063845127,9,3,0.3333333333333333,0.12058159868274292,0.6458026525009103,19,6,0.3157894736842105,0.15364171004428598,0.5398998982493537,23,12,0.5217391304347826,0.32962429864218495,0.7076313046005428,14,6,0.42857142857142855,0.21380509930400526,0.6740973309713064
69,カシオペア,74,26,0.35135135135135137,判定保留（分母不足）,全5帯で各15試合未満の帯がある,35分〜,0.4375,,8,3,0.375,0.13684175946152105,0.6942621454161982,10,1,0.1,0.01787574951572113,0.4041563854975721,19,7,0.3684210526315789,0.19149272376273838,0.5896084250184327,21,8,0.38095238095238093,0.20750767797982508,0.5912170418449848,16,7,0.4375,0.2309836333518552,0.6682180439322348
163,タリヤ,73,30,0.410958904109589,判定保留（分母不足）,全5帯で各15試合未満の帯がある,35分〜,0.6,,20,6,0.3,0.14547527396899385,0.5189767762289793,6,3,0.5,0.1876128068994087,0.8123871931005913,11,4,0.36363636363636365,0.15166223614131386,0.6462032231083628,21,8,0.38095238095238093,0.20750767797982508,0.5912170418449848,15,9,0.6,0.357464427565077,0.8017577191740534
41,ガングプランク,72,31,0.4305555555555556,判定保留（分母不足）,全5帯で各15試合未満の帯がある,25〜30分,0.8,,17,4,0.23529411764705882,0.09554889071675943,0.47262245889171606,8,6,0.75,0.40926987910258916,0.9285223111419724,15,12,0.8,0.5481406466534955,0.9295257935638959,10,2,0.2,0.05668094798069328,0.5098431532792767,22,7,0.3181818181818182,0.16360387354692477,0.5268177721716065
44,タリック,71,43,0.6056338028169014,判定保留（分母不足）,全5帯で各15試合未満の帯がある,25〜30分,0.7692307692307693,,15,6,0.4,0.19824228082594664,0.6425355724349229,16,9,0.5625,0.3317819560677652,0.7690163666481449,13,10,0.7692307692307693,0.49743126004873084,0.918206209075343,10,6,0.6,0.3126695474501863,0.8318224187964901,17,12,0.7058823529411765,0.468664666737861,0.8672020613444361
79,グラガス,65,27,0.4153846153846154,判定保留（分母不足）,全5帯で各15試合未満の帯がある,〜20分,0.46153846153846156,,13,6,0.46153846153846156,0.23205754301488138,0.7085656756816795,10,4,0.4,0.16817758120350967,0.6873304525498135,13,5,0.38461538461538464,0.17709446581236818,0.6447751902773147,14,6,0.42857142857142855,0.21380509930400526,0.6740973309713064,15,6,0.4,0.19824228082594664,0.6425355724349229
33,ラムス,65,26,0.4,判定保留（分母不足）,全5帯で各15試合未満の帯がある,20〜25分,0.5555555555555556,,10,3,0.3,0.10778928748621182,0.6032267800204347,9,5,0.5555555555555556,0.26664734574402965,0.8112245705280859,19,7,0.3684210526315789,0.19149272376273838,0.5896084250184327,11,5,0.45454545454545453,0.21270957543988048,0.7199122443100118,16,6,0.375,0.18480982554752803,0.6135935290206519
127,リサンドラ,64,34,0.53125,判定保留（分母不足）,全5帯で各15試合未満の帯がある,20〜25分,0.6666666666666666,,9,5,0.5555555555555556,0.26664734574402965,0.8112245705280859,9,6,0.6666666666666666,0.35419734749908977,0.8794184013172571,16,9,0.5625,0.3317819560677652,0.7690163666481449,17,7,0.4117647058823529,0.21610786039131383,0.6399492561448445,13,7,0.5384615384615384,0.29143432431832045,0.7679424569851186
1,アニー,63,34,0.5396825396825397,判定保留（分母不足）,全5帯で各15試合未満の帯がある,25〜30分,0.6363636363636364,,17,8,0.47058823529411764,0.26164801196088106,0.6903710268845051,7,3,0.42857142857142855,0.15821692226262685,0.7495457695909742,11,7,0.6363636363636364,0.35379677689163724,0.8483377638586862,17,9,0.5294117647058824,0.3096289731154949,0.738351988039119,11,7,0.6363636363636364,0.35379677689163724,0.8483377638586862
26,ジリアン,63,29,0.4603174603174603,判定保留（分母不足）,全5帯で各15試合未満の帯がある,35分〜,0.7,,12,6,0.5,0.2537781703934222,0.7462218296065778,8,1,0.125,0.02241690886329618,0.4708948057698615,9,4,0.4444444444444444,0.188775429471914,0.7333526542559703,14,4,0.2857142857142857,0.11721187910109102,0.546495411724844,20,14,0.7,0.4810232237710205,0.8545247260310062
268,アジール,61,28,0.45901639344262296,判定保留（分母不足）,全5帯で各15試合未満の帯がある,35分〜,0.7692307692307693,,8,2,0.25,0.07147768885802765,0.5907301208974108,10,5,0.5,0.2365895936154873,0.7634104063845127,16,10,0.625,0.38640647097934805,0.8151901744524719,14,1,0.07142857142857142,0.012721886112291648,0.3146926955395781,13,10,0.7692307692307693,0.49743126004873084,0.918206209075343
8,ブラッドミア,58,33,0.5689655172413793,判定保留（分母不足）,全5帯で各15試合未満の帯がある,35分〜,0.9,,7,4,0.5714285714285714,0.2504542304090258,0.8417830777373732,7,2,0.2857142857142857,0.08221716570901552,0.6410709098517873,10,3,0.3,0.10778928748621182,0.6032267800204347,24,15,0.625,0.42709619037907065,0.7884086656636855,10,9,0.9,0.5958436145024277,0.9821242504842789
92,リヴェン,58,26,0.4482758620689655,判定保留（分母不足）,全5帯で各15試合未満の帯がある,〜20分,0.625,,8,5,0.625,0.3057378545838018,0.863158240538479,8,4,0.5,0.2152125268244419,0.7847874731755581,15,7,0.4666666666666667,0.24809225259746442,0.6988336984894922,16,7,0.4375,0.2309836333518552,0.6682180439322348,11,3,0.2727272727272727,0.09745880573921469,0.5656502930102462
166,アクシャン,55,31,0.5636363636363636,判定保留（分母不足）,全5帯で各15試合未満の帯がある,25〜30分,0.6666666666666666,,8,4,0.5,0.2152125268244419,0.7847874731755581,9,5,0.5555555555555556,0.26664734574402965,0.8112245705280859,15,10,0.6666666666666666,0.4171312515121298,0.8482389930530875,9,5,0.5555555555555556,0.26664734574402965,0.8112245705280859,14,7,0.5,0.2679886791947528,0.7320113208052473
432,バード,54,27,0.5,判定保留（分母不足）,全5帯で各15試合未満の帯がある,20〜25分,0.75,,7,5,0.7142857142857143,0.35892909014821267,0.9177828342909845,8,6,0.75,0.40926987910258916,0.9285223111419724,11,5,0.45454545454545453,0.21270957543988048,0.7199122443100118,16,7,0.4375,0.2309836333518552,0.6682180439322348,12,4,0.3333333333333333,0.13811783989736134,0.609382412602386
76,ニダリー,51,24,0.47058823529411764,判定保留（分母不足）,全5帯で各15試合未満の帯がある,〜20分,0.5714285714285714,,14,8,0.5714285714285714,0.3259026690286936,0.7861949006959947,4,2,0.5,0.15003570882017145,0.8499642911798285,16,6,0.375,0.18480982554752803,0.6135935290206519,6,3,0.5,0.1876128068994087,0.8123871931005913,11,5,0.45454545454545453,0.21270957543988048,0.7199122443100118
16,ソラカ,50,26,0.52,判定保留（分母不足）,全5帯で各15試合未満の帯がある,〜20分,0.6,,5,3,0.6,0.23071993220883702,0.8823817688407467,5,1,0.2,0.036223160969787456,0.6244717358814612,15,8,0.5333333333333333,0.3011663015105079,0.7519077474025356,11,6,0.5454545454545454,0.2800877556899882,0.7872904245601196,14,8,0.5714285714285714,0.3259026690286936,0.7861949006959947
107,レンガー,46,24,0.5217391304347826,判定保留（分母不足）,全5帯で各15試合未満の帯がある,20〜25分,0.6666666666666666,,13,6,0.46153846153846156,0.23205754301488138,0.7085656756816795,9,6,0.6666666666666666,0.35419734749908977,0.8794184013172571,7,3,0.42857142857142855,0.15821692226262685,0.7495457695909742,5,2,0.4,0.11761823115925325,0.769280067791163,12,7,0.5833333333333334,0.3195073356553728,0.8067425380947534
60,エリス,45,16,0.35555555555555557,判定保留（分母不足）,全5帯で各15試合未満の帯がある,30〜35分,0.4375,,8,2,0.25,0.07147768885802765,0.5907301208974108,7,2,0.2857142857142857,0.08221716570901552,0.6410709098517873,8,3,0.375,0.13684175946152105,0.6942621454161982,16,7,0.4375,0.2309836333518552,0.6682180439322348,6,2,0.3333333333333333,0.09676933255921684,0.7000116786584712
429,カリスタ,43,20,0.46511627906976744,判定保留（分母不足）,全5帯で各15試合未満の帯がある,〜20分,0.625,,8,5,0.625,0.3057378545838018,0.863158240538479,7,3,0.42857142857142855,0.15821692226262685,0.7495457695909742,9,4,0.4444444444444444,0.188775429471914,0.7333526542559703,12,6,0.5,0.2537781703934222,0.7462218296065778,7,2,0.2857142857142857,0.08221716570901552,0.6410709098517873
85,ケネン,43,19,0.4418604651162791,判定保留（分母不足）,全5帯で各15試合未満の帯がある,30〜35分,0.6,,6,2,0.3333333333333333,0.09676933255921684,0.7000116786584712,7,3,0.42857142857142855,0.15821692226262685,0.7495457695909742,8,2,0.25,0.07147768885802765,0.5907301208974108,10,6,0.6,0.3126695474501863,0.8318224187964901,12,6,0.5,0.2537781703934222,0.7462218296065778
427,アイバーン,34,16,0.47058823529411764,判定保留（分母不足）,全5帯で各15試合未満の帯がある,30〜35分,0.7,,6,1,0.16666666666666666,0.030052585871730285,0.563509436563646,6,2,0.3333333333333333,0.09676933255921684,0.7000116786584712,5,2,0.4,0.11761823115925325,0.769280067791163,10,7,0.7,0.3967732199795652,0.892210712513788,7,4,0.5714285714285714,0.2504542304090258,0.8417830777373732
240,クレッド,33,18,0.5454545454545454,判定保留（分母不足）,全5帯で各15試合未満の帯がある,20〜25分,0.6666666666666666,,8,4,0.5,0.2152125268244419,0.7847874731755581,6,4,0.6666666666666666,0.2999883213415286,0.903230667440783,8,5,0.625,0.3057378545838018,0.863158240538479,5,2,0.4,0.11761823115925325,0.769280067791163,6,3,0.5,0.1876128068994087,0.8123871931005913
895,ニーラ,32,16,0.5,判定保留（分母不足）,全5帯で各15試合未満の帯がある,〜20分,0.7142857142857143,,7,5,0.7142857142857143,0.35892909014821267,0.9177828342909845,4,2,0.5,0.15003570882017145,0.8499642911798285,6,2,0.3333333333333333,0.09676933255921684,0.7000116786584712,9,5,0.5555555555555556,0.26664734574402965,0.8112245705280859,6,2,0.3333333333333333,0.09676933255921684,0.7000116786584712
888,レナータ・グラスク,28,14,0.5,判定保留（分母不足）,全5帯で各15試合未満の帯がある,20〜25分,0.6666666666666666,,4,2,0.5,0.15003570882017145,0.8499642911798285,3,2,0.6666666666666666,0.20765495512648788,0.9385096847238393,8,4,0.5,0.2152125268244419,0.7847874731755581,5,3,0.6,0.23071993220883702,0.8823817688407467,8,3,0.375,0.13684175946152105,0.6942621454161982
421,レク＝サイ,25,10,0.4,判定保留（分母不足）,全5帯で各15試合未満の帯がある,20〜25分,1.0,,2,0,0.0,0.0,0.6576280471103807,1,1,1.0,0.20654329147389294,1.0,4,1,0.25,0.045586062644636216,0.6993639475573634,14,7,0.5,0.2679886791947528,0.7320113208052473,4,1,0.25,0.045586062644636216,0.6993639475573634
40,ジャンナ,23,13,0.5652173913043478,判定保留（分母不足）,全5帯で各15試合未満の帯がある,20〜25分,1.0,,3,1,0.3333333333333333,0.061490315276160515,0.7923450448735121,3,3,1.0,0.4384939195509822,1.0,5,3,0.6,0.23071993220883702,0.8823817688407467,8,4,0.5,0.2152125268244419,0.7847874731755581,4,2,0.5,0.15003570882017145,0.8499642911798285
42,コーキ,20,7,0.35,判定保留（分母不足）,全5帯で各15試合未満の帯がある,〜20分,0.5,,2,1,0.5,0.09452865480086611,0.905471345199134,2,1,0.5,0.09452865480086611,0.905471345199134,2,1,0.5,0.09452865480086611,0.905471345199134,5,2,0.4,0.11761823115925325,0.769280067791163,9,2,0.2222222222222222,0.0632237623122272,0.5474166563271946
38,カサディン,19,11,0.5789473684210527,判定保留（分母不足）,全5帯で各15試合未満の帯がある,30〜35分,0.75,,2,1,0.5,0.09452865480086611,0.905471345199134,4,2,0.5,0.15003570882017145,0.8499642911798285,6,3,0.5,0.1876128068994087,0.8123871931005913,4,3,0.75,0.30063605244263664,0.9544139373553638,3,2,0.6666666666666666,0.20765495512648788,0.9385096847238393
