scope,observed_tier,patch,role,spell_id,spell_name,games,wins,losses,win_rate,pick_rate,pick_rate_denominator,min_games_applied
overall,MIXED,16.17,ALL,4,フラッシュ,4837,2419,2418,0.5001033698573496,0.9597222222222223,5040,15
overall,MIXED,16.15,ALL,4,フラッシュ,3984,2003,1981,0.5027610441767069,0.9646489104116223,4130,15
overall,MIXED,16.14,ALL,4,フラッシュ,3344,1668,1676,0.4988038277511962,0.960919540229885,3480,15
overall,MIXED,16.13,ALL,4,フラッシュ,3211,1607,1604,0.5004671441918406,0.9759878419452888,3290,15
overall,MIXED,16.16,ALL,4,フラッシュ,3191,1600,1591,0.5014102162331557,0.9582582582582583,3330,15
overall,MIXED,15.24,ALL,4,フラッシュ,1653,824,829,0.4984875983061101,0.9666666666666667,1710,15
overall,MIXED,16.18,ALL,4,フラッシュ,1608,806,802,0.5012437810945274,0.9571428571428572,1680,15
overall,MIXED,16.17,ALL,14,イグナイト,1454,743,711,0.5110041265474553,0.28849206349206347,5040,15
overall,MIXED,16.15,ALL,14,イグナイト,1204,609,595,0.5058139534883721,0.29152542372881357,4130,15
overall,MIXED,16.11,ALL,4,フラッシュ,1146,570,576,0.4973821989528796,0.9711864406779661,1180,15
overall,MIXED,16.17,ALL,12,テレポート,1121,545,576,0.48617305976806424,0.2224206349206349,5040,15
overall,MIXED,15.19,ALL,4,フラッシュ,1108,559,549,0.5045126353790613,0.9634782608695652,1150,15
overall,MIXED,16.10,ALL,4,フラッシュ,1084,540,544,0.4981549815498155,0.9765765765765766,1110,15
overall,MIXED,16.15,ALL,12,テレポート,1035,522,513,0.5043478260869565,0.2506053268765133,4130,15
overall,MIXED,16.17,ALL,11,スマイト,1008,504,504,0.5,0.2,5040,15
overall,MIXED,16.17,JUNGLE,11,スマイト,1008,504,504,0.5,1.0,1008,15
overall,MIXED,16.17,BOTTOM,4,フラッシュ,1004,503,501,0.500996015936255,0.996031746031746,1008,15
overall,MIXED,16.17,MIDDLE,4,フラッシュ,993,496,497,0.499496475327291,0.9851190476190477,1008,15
overall,MIXED,16.17,UTILITY,4,フラッシュ,979,493,486,0.5035750766087844,0.9712301587301587,1008,15
overall,MIXED,16.16,ALL,14,イグナイト,965,482,483,0.49948186528497407,0.2897897897897898,3330,15
overall,MIXED,16.17,TOP,4,フラッシュ,939,475,464,0.5058572949946751,0.9315476190476191,1008,15
overall,MIXED,16.17,JUNGLE,4,フラッシュ,922,452,470,0.49023861171366595,0.9146825396825397,1008,15
overall,MIXED,15.13,ALL,4,フラッシュ,918,462,456,0.5032679738562091,0.95625,960,15
overall,MIXED,16.14,ALL,14,イグナイト,918,452,466,0.4923747276688453,0.2637931034482759,3480,15
overall,MIXED,16.14,ALL,12,テレポート,871,441,430,0.5063145809414467,0.25028735632183907,3480,15
overall,MIXED,16.12,ALL,4,フラッシュ,866,433,433,0.5,0.9730337078651685,890,15
overall,MIXED,16.3,ALL,4,フラッシュ,848,427,421,0.5035377358490566,0.9636363636363636,880,15
overall,MIXED,16.13,ALL,14,イグナイト,845,394,451,0.4662721893491124,0.256838905775076,3290,15
overall,MIXED,16.15,ALL,11,スマイト,826,413,413,0.5,0.2,4130,15
overall,MIXED,16.15,JUNGLE,11,スマイト,826,413,413,0.5,1.0,826,15
overall,MIXED,16.15,MIDDLE,4,フラッシュ,823,412,411,0.5006075334143378,0.9963680387409201,826,15
overall,MIXED,16.15,BOTTOM,4,フラッシュ,823,411,412,0.4993924665856622,0.9963680387409201,826,15
overall,MIXED,16.17,ALL,21,バリア,806,405,401,0.5024813895781638,0.1599206349206349,5040,15
overall,MIXED,16.15,UTILITY,4,フラッシュ,803,407,396,0.5068493150684932,0.9721549636803875,826,15
overall,MIXED,16.5,ALL,4,フラッシュ,790,398,392,0.5037974683544304,0.9753086419753086,810,15
overall,MIXED,16.15,TOP,4,フラッシュ,788,399,389,0.5063451776649747,0.9539951573849879,826,15
overall,MIXED,15.17,ALL,4,フラッシュ,788,393,395,0.4987309644670051,0.9728395061728395,810,15
overall,MIXED,16.17,BOTTOM,21,バリア,778,390,388,0.5012853470437018,0.7718253968253969,1008,15
overall,MIXED,16.9,ALL,4,フラッシュ,771,384,387,0.4980544747081712,0.9759493670886076,790,15
overall,MIXED,16.7,ALL,4,フラッシュ,754,375,379,0.4973474801061008,0.9792207792207792,770,15
overall,MIXED,16.15,JUNGLE,4,フラッシュ,747,374,373,0.500669344042838,0.9043583535108959,826,15
overall,MIXED,16.16,ALL,12,テレポート,740,378,362,0.5108108108108108,0.2222222222222222,3330,15
overall,MIXED,16.1,ALL,4,フラッシュ,740,369,371,0.49864864864864866,0.961038961038961,770,15
overall,MIXED,16.6,ALL,4,フラッシュ,736,371,365,0.5040760869565217,0.968421052631579,760,15
overall,MIXED,16.13,ALL,12,テレポート,710,379,331,0.5338028169014084,0.21580547112462006,3290,15
overall,MIXED,16.14,ALL,11,スマイト,696,348,348,0.5,0.2,3480,15
overall,MIXED,16.14,JUNGLE,11,スマイト,696,348,348,0.5,1.0,696,15
overall,MIXED,16.14,BOTTOM,4,フラッシュ,693,347,346,0.5007215007215007,0.9956896551724138,696,15
overall,MIXED,16.14,MIDDLE,4,フラッシュ,692,345,347,0.4985549132947977,0.9942528735632183,696,15
overall,MIXED,16.2,ALL,4,フラッシュ,688,345,343,0.501453488372093,0.9690140845070423,710,15
overall,MIXED,16.8,ALL,4,フラッシュ,679,340,339,0.5007363770250368,0.97,700,15
overall,MIXED,16.14,UTILITY,4,フラッシュ,675,338,337,0.5007407407407407,0.9698275862068966,696,15
overall,MIXED,16.16,ALL,11,スマイト,666,333,333,0.5,0.2,3330,15
overall,MIXED,16.16,JUNGLE,11,スマイト,666,333,333,0.5,1.0,666,15
overall,MIXED,16.16,BOTTOM,4,フラッシュ,666,333,333,0.5,1.0,666,15
overall,MIXED,16.13,ALL,11,スマイト,658,329,329,0.5,0.2,3290,15
overall,MIXED,16.13,JUNGLE,11,スマイト,658,329,329,0.5,1.0,658,15
overall,MIXED,16.13,BOTTOM,4,フラッシュ,658,329,329,0.5,1.0,658,15
overall,MIXED,15.10,ALL,4,フラッシュ,655,324,331,0.4946564885496183,0.9492753623188406,690,15
overall,MIXED,16.13,MIDDLE,4,フラッシュ,652,326,326,0.5,0.9908814589665653,658,15
overall,MIXED,16.14,JUNGLE,4,フラッシュ,651,326,325,0.500768049155146,0.9353448275862069,696,15
overall,MIXED,16.16,UTILITY,4,フラッシュ,649,327,322,0.5038520801232665,0.9744744744744744,666,15
overall,MIXED,16.16,MIDDLE,4,フラッシュ,648,326,322,0.5030864197530864,0.972972972972973,666,15
overall,MIXED,15.20,ALL,4,フラッシュ,646,323,323,0.5,0.9787878787878788,660,15
overall,MIXED,16.13,UTILITY,4,フラッシュ,643,324,319,0.5038880248833593,0.9786910197869102,657,15
overall,MIXED,15.18,ALL,4,フラッシュ,634,319,315,0.5031545741324921,0.9753846153846154,650,15
overall,MIXED,15.22,ALL,4,フラッシュ,634,318,316,0.501577287066246,0.9606060606060606,660,15
overall,MIXED,16.13,JUNGLE,4,フラッシュ,633,318,315,0.5023696682464455,0.9620060790273556,658,15
overall,MIXED,16.14,TOP,4,フラッシュ,633,312,321,0.4928909952606635,0.9094827586206896,696,15
overall,MIXED,16.13,TOP,4,フラッシュ,624,310,314,0.4967948717948718,0.9483282674772037,658,15
overall,MIXED,15.8,ALL,4,フラッシュ,622,316,306,0.5080385852090032,0.9569230769230769,650,15
overall,MIXED,16.16,TOP,4,フラッシュ,618,307,311,0.4967637540453074,0.9279279279279279,666,15
overall,MIXED,15.24,ALL,12,テレポート,610,308,302,0.5049180327868853,0.3567251461988304,1710,15
overall,MIXED,16.16,JUNGLE,4,フラッシュ,610,307,303,0.5032786885245901,0.9159159159159159,666,15
overall,MIXED,16.17,MIDDLE,12,テレポート,598,293,305,0.4899665551839465,0.5932539682539683,1008,15
overall,MIXED,16.15,ALL,21,バリア,582,286,296,0.49140893470790376,0.14092009685230025,4130,15
overall,MIXED,15.21,ALL,4,フラッシュ,575,291,284,0.5060869565217392,0.9745762711864406,590,15
overall,MIXED,15.23,ALL,4,フラッシュ,561,283,278,0.5044563279857398,0.9672413793103448,580,15
overall,MIXED,16.17,UTILITY,14,イグナイト,555,279,276,0.5027027027027027,0.5505952380952381,1008,15
overall,MIXED,16.15,BOTTOM,21,バリア,547,271,276,0.4954296160877514,0.662227602905569,826,15
overall,MIXED,16.16,ALL,21,バリア,529,261,268,0.4933837429111531,0.15885885885885886,3330,15
overall,MIXED,15.16,ALL,4,フラッシュ,521,262,259,0.5028790786948176,0.9648148148148148,540,15
overall,MIXED,16.4,ALL,4,フラッシュ,513,255,258,0.49707602339181284,0.9679245283018868,530,15
overall,MIXED,15.11,ALL,4,フラッシュ,512,258,254,0.50390625,0.9660377358490566,530,15
overall,MIXED,16.16,BOTTOM,21,バリア,512,252,260,0.4921875,0.7687687687687688,666,15
overall,MIXED,16.13,ALL,21,バリア,511,258,253,0.5048923679060665,0.15531914893617021,3290,15
overall,MIXED,16.14,ALL,21,バリア,505,257,248,0.5089108910891089,0.14511494252873564,3480,15
overall,MIXED,16.15,MIDDLE,12,テレポート,502,258,244,0.5139442231075697,0.6077481840193705,826,15
overall,MIXED,16.17,TOP,14,イグナイト,492,253,239,0.5142276422764228,0.4880952380952381,1008,15
overall,MIXED,16.13,BOTTOM,21,バリア,489,250,239,0.5112474437627812,0.743161094224924,658,15
overall,MIXED,15.12,ALL,4,フラッシュ,489,246,243,0.5030674846625767,0.9588235294117647,510,15
overall,MIXED,16.15,UTILITY,14,イグナイト,487,248,239,0.5092402464065708,0.589588377723971,826,15
overall,MIXED,16.14,BOTTOM,21,バリア,477,242,235,0.5073375262054507,0.6853448275862069,696,15
overall,MIXED,16.18,ALL,14,イグナイト,468,245,223,0.5235042735042735,0.2785714285714286,1680,15
overall,MIXED,15.14,ALL,4,フラッシュ,446,225,221,0.5044843049327354,0.9695652173913043,460,15
overall,MIXED,14.20,ALL,4,フラッシュ,443,217,226,0.4898419864559819,0.9630434782608696,460,15
overall,MIXED,15.2,ALL,4,フラッシュ,440,220,220,0.5,0.9565217391304348,460,15
overall,MIXED,15.7,ALL,4,フラッシュ,435,216,219,0.496551724137931,0.9456521739130435,460,15
overall,MIXED,16.14,MIDDLE,12,テレポート,420,209,211,0.4976190476190476,0.603448275862069,696,15
overall,MIXED,15.9,ALL,4,フラッシュ,416,207,209,0.49759615384615385,0.9674418604651163,430,15
overall,MIXED,15.19,ALL,12,テレポート,408,199,209,0.4877450980392157,0.35478260869565215,1150,15
overall,MIXED,15.15,ALL,4,フラッシュ,399,200,199,0.5012531328320802,0.973170731707317,410,15
overall,MIXED,16.17,TOP,12,テレポート,397,191,206,0.4811083123425693,0.39384920634920634,1008,15
overall,MIXED,15.3,ALL,4,フラッシュ,394,196,198,0.49746192893401014,0.9609756097560975,410,15
overall,MIXED,16.15,TOP,14,イグナイト,392,207,185,0.5280612244897959,0.4745762711864407,826,15
overall,MIXED,16.16,MIDDLE,12,テレポート,392,192,200,0.4897959183673469,0.5885885885885885,666,15
overall,MIXED,14.19,ALL,4,フラッシュ,390,196,194,0.5025641025641026,0.9285714285714286,420,15
overall,MIXED,16.13,MIDDLE,12,テレポート,389,209,180,0.5372750642673522,0.5911854103343465,658,15
overall,MIXED,16.18,ALL,12,テレポート,388,178,210,0.4587628865979381,0.23095238095238096,1680,15
overall,MIXED,16.14,UTILITY,14,イグナイト,376,194,182,0.5159574468085106,0.5402298850574713,696,15
overall,MIXED,16.17,MIDDLE,14,イグナイト,374,191,183,0.5106951871657754,0.37103174603174605,1008,15
overall,MIXED,16.16,UTILITY,14,イグナイト,373,183,190,0.4906166219839142,0.56006006006006,666,15
overall,MIXED,16.17,ALL,7,ヒール,354,182,172,0.5141242937853108,0.07023809523809524,5040,15
overall,MIXED,16.17,UTILITY,7,ヒール,346,177,169,0.5115606936416185,0.34325396825396826,1008,15
overall,MIXED,16.13,UTILITY,14,イグナイト,343,167,176,0.4868804664723032,0.5220700152207002,657,15
overall,MIXED,15.24,ALL,11,スマイト,342,171,171,0.5,0.2,1710,15
overall,MIXED,15.24,JUNGLE,11,スマイト,342,171,171,0.5,1.0,342,15
overall,MIXED,15.24,BOTTOM,4,フラッシュ,341,171,170,0.501466275659824,1.0,341,15
overall,MIXED,15.24,MIDDLE,4,フラッシュ,341,170,171,0.49853372434017595,0.9970760233918129,342,15
overall,MIXED,15.13,ALL,12,テレポート,339,166,173,0.4896755162241888,0.353125,960,15
overall,MIXED,16.18,ALL,11,スマイト,336,168,168,0.5,0.2,1680,15
overall,MIXED,16.18,JUNGLE,11,スマイト,336,168,168,0.5,1.0,336,15
overall,MIXED,16.18,BOTTOM,4,フラッシュ,335,167,168,0.49850746268656715,0.9970238095238095,336,15
overall,MIXED,15.24,UTILITY,4,フラッシュ,331,168,163,0.5075528700906344,0.9678362573099415,342,15
overall,MIXED,16.18,MIDDLE,4,フラッシュ,331,164,167,0.4954682779456193,0.9851190476190477,336,15
overall,MIXED,16.18,UTILITY,4,フラッシュ,330,164,166,0.49696969696969695,0.9821428571428571,336,15
overall,MIXED,15.24,JUNGLE,4,フラッシュ,322,159,163,0.4937888198757764,0.9415204678362573,342,15
overall,MIXED,16.16,TOP,14,イグナイト,322,156,166,0.484472049689441,0.48348348348348347,666,15
overall,MIXED,16.15,TOP,12,テレポート,320,154,166,0.48125,0.387409200968523,826,15
overall,MIXED,16.11,ALL,14,イグナイト,319,160,159,0.5015673981191222,0.27033898305084747,1180,15
overall,MIXED,15.24,TOP,4,フラッシュ,317,156,161,0.4921135646687697,0.9269005847953217,342,15
overall,MIXED,16.11,ALL,12,テレポート,315,158,157,0.5015873015873016,0.2669491525423729,1180,15
overall,MIXED,15.24,ALL,14,イグナイト,311,147,164,0.47266881028938906,0.18187134502923977,1710,15
overall,MIXED,16.18,TOP,4,フラッシュ,307,159,148,0.5179153094462541,0.9136904761904762,336,15
overall,MIXED,16.18,JUNGLE,4,フラッシュ,305,152,153,0.49836065573770494,0.9077380952380952,336,15
overall,MIXED,16.15,MIDDLE,14,イグナイト,298,139,159,0.4664429530201342,0.36077481840193704,826,15
overall,MIXED,15.24,ALL,21,バリア,293,144,149,0.49146757679180886,0.17134502923976608,1710,15
overall,MIXED,16.14,TOP,12,テレポート,291,155,136,0.5326460481099656,0.41810344827586204,696,15
overall,MIXED,15.17,ALL,12,テレポート,291,146,145,0.5017182130584192,0.3592592592592593,810,15
overall,MIXED,15.24,BOTTOM,21,バリア,282,141,141,0.5,0.8269794721407625,341,15
overall,MIXED,15.24,MIDDLE,12,テレポート,282,137,145,0.4858156028368794,0.8245614035087719,342,15
overall,MIXED,15.24,TOP,12,テレポート,281,146,135,0.5195729537366548,0.8216374269005848,342,15
overall,MIXED,16.10,ALL,14,イグナイト,278,138,140,0.49640287769784175,0.25045045045045045,1110,15
overall,MIXED,16.13,ALL,7,ヒール,277,148,129,0.5342960288808665,0.08419452887537994,3290,15
overall,MIXED,16.10,ALL,12,テレポート,276,140,136,0.5072463768115942,0.24864864864864866,1110,15
overall,MIXED,16.15,ALL,7,ヒール,276,133,143,0.48188405797101447,0.06682808716707021,4130,15
overall,MIXED,14.22,ALL,4,フラッシュ,275,136,139,0.49454545454545457,0.9482758620689655,290,15
overall,MIXED,16.14,TOP,14,イグナイト,274,122,152,0.44525547445255476,0.3936781609195402,696,15
overall,MIXED,14.21,ALL,4,フラッシュ,264,129,135,0.48863636363636365,0.9428571428571428,280,15
overall,MIXED,16.14,ALL,7,ヒール,263,125,138,0.4752851711026616,0.07557471264367815,3480,15
overall,MIXED,16.16,TOP,12,テレポート,262,140,122,0.5343511450381679,0.3933933933933934,666,15
overall,MIXED,16.13,UTILITY,7,ヒール,261,141,120,0.5402298850574713,0.3972602739726027,657,15
overall,MIXED,16.18,ALL,21,バリア,259,134,125,0.5173745173745173,0.15416666666666667,1680,15
overall,MIXED,16.12,ALL,14,イグナイト,258,130,128,0.5038759689922481,0.2898876404494382,890,15
overall,MIXED,16.15,UTILITY,7,ヒール,258,123,135,0.47674418604651164,0.31234866828087166,826,15
overall,MIXED,16.14,MIDDLE,14,イグナイト,254,127,127,0.5,0.3649425287356322,696,15
overall,MIXED,15.4,ALL,4,フラッシュ,252,128,124,0.5079365079365079,0.9333333333333333,270,15
overall,MIXED,16.14,UTILITY,7,ヒール,252,121,131,0.4801587301587302,0.3620689655172414,696,15
overall,MIXED,16.16,MIDDLE,14,イグナイト,248,129,119,0.5201612903225806,0.37237237237237236,666,15
overall,MIXED,16.18,BOTTOM,21,バリア,248,128,120,0.5161290322580645,0.7380952380952381,336,15
overall,MIXED,16.16,ALL,7,ヒール,247,126,121,0.5101214574898786,0.07417417417417417,3330,15
overall,MIXED,16.17,ALL,6,ゴースト,246,118,128,0.4796747967479675,0.04880952380952381,5040,15
overall,MIXED,16.13,MIDDLE,14,イグナイト,246,110,136,0.44715447154471544,0.3738601823708207,658,15
overall,MIXED,16.13,ALL,6,ゴースト,244,130,114,0.5327868852459017,0.07416413373860183,3290,15
overall,MIXED,15.20,ALL,12,テレポート,240,116,124,0.48333333333333334,0.36363636363636365,660,15
overall,MIXED,16.16,UTILITY,7,ヒール,238,121,117,0.5084033613445378,0.35735735735735735,666,15
overall,MIXED,14.24,ALL,4,フラッシュ,238,118,120,0.4957983193277311,0.952,250,15
overall,MIXED,16.1,ALL,12,テレポート,238,111,127,0.46638655462184875,0.3090909090909091,770,15
overall,MIXED,16.13,TOP,14,イグナイト,238,108,130,0.453781512605042,0.3617021276595745,658,15
overall,MIXED,16.11,ALL,11,スマイト,236,118,118,0.5,0.2,1180,15
overall,MIXED,16.11,JUNGLE,11,スマイト,236,118,118,0.5,1.0,236,15
overall,MIXED,16.11,BOTTOM,4,フラッシュ,235,117,118,0.4978723404255319,0.9957627118644068,236,15
overall,MIXED,16.11,MIDDLE,4,フラッシュ,235,117,118,0.4978723404255319,0.9957627118644068,236,15
overall,MIXED,16.13,TOP,12,テレポート,233,127,106,0.5450643776824035,0.3541033434650456,658,15
overall,MIXED,16.14,ALL,6,ゴースト,232,131,101,0.5646551724137931,0.06666666666666667,3480,15
overall,MIXED,15.19,ALL,11,スマイト,230,115,115,0.5,0.2,1150,15
overall,MIXED,15.19,JUNGLE,11,スマイト,230,115,115,0.5,0.9956709956709957,231,15
overall,MIXED,15.19,BOTTOM,4,フラッシュ,230,115,115,0.5,1.0,230,15
overall,MIXED,16.11,UTILITY,4,フラッシュ,230,115,115,0.5,0.9745762711864406,236,15
overall,MIXED,15.18,ALL,12,テレポート,230,114,116,0.4956521739130435,0.35384615384615387,650,15
overall,MIXED,15.10,ALL,12,テレポート,229,116,113,0.5065502183406113,0.3318840579710145,690,15
overall,MIXED,15.22,ALL,12,テレポート,228,115,113,0.5043859649122807,0.34545454545454546,660,15
overall,MIXED,15.19,MIDDLE,4,フラッシュ,226,114,112,0.504424778761062,0.9826086956521739,230,15
overall,MIXED,15.19,JUNGLE,4,フラッシュ,224,113,111,0.5044642857142857,0.9696969696969697,231,15
overall,MIXED,16.11,TOP,4,フラッシュ,224,110,114,0.49107142857142855,0.9491525423728814,236,15
overall,MIXED,16.3,ALL,12,テレポート,224,108,116,0.48214285714285715,0.2545454545454545,880,15
overall,MIXED,16.5,ALL,14,イグナイト,222,116,106,0.5225225225225225,0.2740740740740741,810,15
overall,MIXED,16.10,ALL,11,スマイト,222,111,111,0.5,0.2,1110,15
overall,MIXED,16.10,JUNGLE,11,スマイト,222,111,111,0.5,1.0,222,15
overall,MIXED,15.19,UTILITY,4,フラッシュ,222,111,111,0.5,0.9652173913043478,230,15
overall,MIXED,16.10,BOTTOM,4,フラッシュ,222,111,111,0.5,1.0,222,15
overall,MIXED,16.11,JUNGLE,4,フラッシュ,222,111,111,0.5,0.940677966101695,236,15
overall,MIXED,15.8,ALL,12,テレポート,222,107,115,0.481981981981982,0.3415384615384615,650,15
overall,MIXED,16.3,ALL,14,イグナイト,220,111,109,0.5045454545454545,0.25,880,15
overall,MIXED,16.10,MIDDLE,4,フラッシュ,218,110,108,0.5045871559633027,0.9819819819819819,222,15
overall,MIXED,16.10,JUNGLE,4,フラッシュ,217,108,109,0.4976958525345622,0.9774774774774775,222,15
overall,MIXED,16.7,ALL,12,テレポート,216,112,104,0.5185185185185185,0.2805194805194805,770,15
overall,MIXED,15.24,UTILITY,14,イグナイト,215,99,116,0.4604651162790698,0.6286549707602339,342,15
overall,MIXED,16.10,UTILITY,4,フラッシュ,214,107,107,0.5,0.963963963963964,222,15
overall,MIXED,16.10,TOP,4,フラッシュ,213,104,109,0.48826291079812206,0.9594594594594594,222,15
overall,MIXED,16.9,ALL,12,テレポート,208,108,100,0.5192307692307693,0.26329113924050634,790,15
overall,MIXED,16.9,ALL,14,イグナイト,208,98,110,0.47115384615384615,0.26329113924050634,790,15
overall,MIXED,15.23,ALL,12,テレポート,207,102,105,0.4927536231884058,0.3568965517241379,580,15
overall,MIXED,15.19,TOP,4,フラッシュ,206,106,100,0.5145631067961165,0.8995633187772926,229,15
overall,MIXED,15.19,MIDDLE,12,テレポート,204,101,103,0.4950980392156863,0.8869565217391304,230,15
overall,MIXED,15.21,ALL,12,テレポート,204,101,103,0.4950980392156863,0.34576271186440677,590,15
overall,MIXED,16.12,ALL,12,テレポート,202,99,103,0.4900990099009901,0.22696629213483147,890,15
overall,MIXED,14.23,ALL,4,フラッシュ,201,99,102,0.4925373134328358,0.9571428571428572,210,15
overall,MIXED,16.6,ALL,14,イグナイト,200,91,109,0.455,0.2631578947368421,760,15
overall,MIXED,15.19,ALL,14,イグナイト,197,105,92,0.5329949238578681,0.17130434782608694,1150,15
overall,MIXED,15.13,ALL,14,イグナイト,197,101,96,0.5126903553299492,0.20520833333333333,960,15
overall,MIXED,16.13,TOP,6,ゴースト,196,106,90,0.5408163265306123,0.2978723404255319,658,15
overall,MIXED,16.8,ALL,12,テレポート,193,97,96,0.5025906735751295,0.2757142857142857,700,15
overall,MIXED,15.13,ALL,11,スマイト,192,96,96,0.5,0.2,960,15
overall,MIXED,15.13,JUNGLE,11,スマイト,192,96,96,0.5,1.0,192,15
overall,MIXED,16.5,ALL,12,テレポート,192,91,101,0.4739583333333333,0.23703703703703705,810,15
overall,MIXED,16.11,ALL,21,バリア,191,91,100,0.47643979057591623,0.16186440677966102,1180,15
overall,MIXED,15.13,BOTTOM,4,フラッシュ,190,95,95,0.5,0.9895833333333334,192,15
overall,MIXED,16.2,ALL,12,テレポート,190,94,96,0.49473684210526314,0.2676056338028169,710,15
overall,MIXED,16.15,BOTTOM,12,テレポート,189,100,89,0.5291005291005291,0.2288135593220339,826,15
overall,MIXED,15.13,MIDDLE,4,フラッシュ,189,94,95,0.4973544973544973,0.9895287958115183,191,15
overall,MIXED,15.16,ALL,12,テレポート,189,89,100,0.4708994708994709,0.35,540,15
overall,MIXED,15.13,UTILITY,4,フラッシュ,188,95,93,0.5053191489361702,0.9791666666666666,192,15
overall,MIXED,16.18,MIDDLE,12,テレポート,188,92,96,0.48936170212765956,0.5595238095238095,336,15
overall,MIXED,15.19,ALL,21,バリア,188,89,99,0.4734042553191489,0.1634782608695652,1150,15
overall,MIXED,16.17,ALL,3,イグゾースト,187,91,96,0.48663101604278075,0.0371031746031746,5040,15
overall,MIXED,15.19,TOP,12,テレポート,186,89,97,0.478494623655914,0.8122270742358079,229,15
overall,MIXED,16.10,ALL,21,バリア,185,91,94,0.4918918918918919,0.16666666666666666,1110,15
overall,MIXED,16.11,BOTTOM,21,バリア,185,87,98,0.4702702702702703,0.7838983050847458,236,15
overall,MIXED,16.7,ALL,14,イグナイト,184,85,99,0.46195652173913043,0.23896103896103896,770,15
overall,MIXED,16.15,ALL,6,ゴースト,182,86,96,0.4725274725274725,0.04406779661016949,4130,15
overall,MIXED,15.1,ALL,4,フラッシュ,181,92,89,0.5082872928176796,0.9526315789473684,190,15
overall,MIXED,16.10,BOTTOM,21,バリア,181,91,90,0.5027624309392266,0.8153153153153153,222,15
overall,MIXED,15.12,ALL,12,テレポート,180,93,87,0.5166666666666667,0.35294117647058826,510,15
overall,MIXED,16.18,UTILITY,14,イグナイト,180,90,90,0.5,0.5357142857142857,336,15
overall,MIXED,16.6,ALL,12,テレポート,179,99,80,0.553072625698324,0.2355263157894737,760,15
overall,MIXED,16.16,ALL,6,ゴースト,179,88,91,0.49162011173184356,0.053753753753753755,3330,15
overall,MIXED,15.11,ALL,12,テレポート,179,86,93,0.48044692737430167,0.33773584905660375,530,15
overall,MIXED,16.12,ALL,11,スマイト,178,89,89,0.5,0.2,890,15
overall,MIXED,16.12,JUNGLE,11,スマイト,178,89,89,0.5,1.0,178,15
overall,MIXED,15.19,BOTTOM,21,バリア,178,86,92,0.48314606741573035,0.7739130434782608,230,15
overall,MIXED,15.13,JUNGLE,4,フラッシュ,177,92,85,0.519774011299435,0.921875,192,15
overall,MIXED,16.12,BOTTOM,4,フラッシュ,177,89,88,0.5028248587570622,1.0,177,15
overall,MIXED,16.12,MIDDLE,4,フラッシュ,177,89,88,0.5028248587570622,0.9943820224719101,178,15
overall,MIXED,16.3,ALL,11,スマイト,176,88,88,0.5,0.2,880,15
overall,MIXED,16.3,JUNGLE,11,スマイト,176,88,88,0.5,1.0,176,15
overall,MIXED,16.3,BOTTOM,4,フラッシュ,176,88,88,0.5,1.0,176,15
overall,MIXED,16.12,UTILITY,4,フラッシュ,174,87,87,0.5,0.9775280898876404,178,15
overall,MIXED,15.2,ALL,12,テレポート,173,89,84,0.5144508670520231,0.3760869565217391,460,15
overall,MIXED,15.13,TOP,4,フラッシュ,173,86,87,0.49710982658959535,0.9010416666666666,192,15
overall,MIXED,16.3,MIDDLE,4,フラッシュ,172,87,85,0.5058139534883721,0.9772727272727273,176,15
overall,MIXED,16.3,UTILITY,4,フラッシュ,172,86,86,0.5,0.9772727272727273,176,15
overall,MIXED,16.1,ALL,14,イグナイト,171,91,80,0.5321637426900585,0.22207792207792207,770,15
overall,MIXED,16.11,MIDDLE,12,テレポート,171,85,86,0.49707602339181284,0.7245762711864406,236,15
overall,MIXED,14.19,ALL,12,テレポート,170,84,86,0.49411764705882355,0.40476190476190477,420,15
overall,MIXED,16.12,JUNGLE,4,フラッシュ,169,86,83,0.5088757396449705,0.949438202247191,178,15
overall,MIXED,14.20,ALL,12,テレポート,169,85,84,0.5029585798816568,0.3673913043478261,460,15
overall,MIXED,15.13,TOP,12,テレポート,169,83,86,0.4911242603550296,0.8802083333333334,192,15
overall,MIXED,16.12,TOP,4,フラッシュ,168,82,86,0.4880952380952381,0.9438202247191011,178,15
overall,MIXED,15.14,ALL,12,テレポート,166,80,86,0.4819277108433735,0.36086956521739133,460,15
overall,MIXED,16.8,ALL,14,イグナイト,164,89,75,0.5426829268292683,0.2342857142857143,700,15
overall,MIXED,16.2,ALL,14,イグナイト,164,83,81,0.5060975609756098,0.23098591549295774,710,15
overall,MIXED,16.3,JUNGLE,4,フラッシュ,164,83,81,0.5060975609756098,0.9318181818181818,176,15
overall,MIXED,16.3,TOP,4,フラッシュ,164,83,81,0.5060975609756098,0.9318181818181818,176,15
overall,MIXED,15.13,MIDDLE,12,テレポート,163,80,83,0.49079754601226994,0.8534031413612565,191,15
overall,MIXED,15.17,ALL,11,スマイト,162,81,81,0.5,0.2,810,15
overall,MIXED,15.17,JUNGLE,11,スマイト,162,81,81,0.5,1.0,162,15
overall,MIXED,16.5,ALL,11,スマイト,162,81,81,0.5,0.2,810,15
overall,MIXED,16.5,JUNGLE,11,スマイト,162,81,81,0.5,1.0,162,15
overall,MIXED,15.13,ALL,21,バリア,162,81,81,0.5,0.16875,960,15
overall,MIXED,16.5,BOTTOM,4,フラッシュ,162,81,81,0.5,1.0,162,15
overall,MIXED,16.14,TOP,6,ゴースト,161,93,68,0.577639751552795,0.23132183908045978,696,15
overall,MIXED,15.17,BOTTOM,4,フラッシュ,161,80,81,0.4968944099378882,0.9938271604938271,162,15
overall,MIXED,15.13,BOTTOM,21,バリア,160,79,81,0.49375,0.8333333333333334,192,15
overall,MIXED,15.17,MIDDLE,4,フラッシュ,160,79,81,0.49375,0.9876543209876543,162,15
overall,MIXED,16.9,ALL,11,スマイト,158,79,79,0.5,0.2,790,15
overall,MIXED,16.9,JUNGLE,11,スマイト,158,79,79,0.5,1.0,158,15
overall,MIXED,16.5,MIDDLE,4,フラッシュ,158,79,79,0.5,0.9753086419753086,162,15
overall,MIXED,16.5,TOP,4,フラッシュ,157,80,77,0.5095541401273885,0.9691358024691358,162,15
overall,MIXED,15.17,JUNGLE,4,フラッシュ,157,79,78,0.5031847133757962,0.9691358024691358,162,15
overall,MIXED,15.17,UTILITY,4,フラッシュ,157,79,78,0.5031847133757962,0.9751552795031055,161,15
overall,MIXED,16.5,JUNGLE,4,フラッシュ,157,79,78,0.5031847133757962,0.9691358024691358,162,15
overall,MIXED,16.9,BOTTOM,4,フラッシュ,157,79,78,0.5031847133757962,0.9936708860759493,158,15
overall,MIXED,16.10,MIDDLE,12,テレポート,157,78,79,0.4968152866242038,0.7072072072072072,222,15
overall,MIXED,16.4,ALL,14,イグナイト,157,75,82,0.47770700636942676,0.2962264150943396,530,15
overall,MIXED,16.5,UTILITY,4,フラッシュ,156,79,77,0.5064102564102564,0.9629629629629629,162,15
overall,MIXED,16.9,MIDDLE,4,フラッシュ,156,79,77,0.5064102564102564,0.9873417721518988,158,15
overall,MIXED,16.9,UTILITY,4,フラッシュ,156,78,78,0.5,0.9873417721518988,158,15
overall,MIXED,16.18,TOP,14,イグナイト,155,86,69,0.5548387096774193,0.46130952380952384,336,15
overall,MIXED,16.1,ALL,11,スマイト,154,77,77,0.5,0.2,770,15
overall,MIXED,16.1,JUNGLE,11,スマイト,154,77,77,0.5,1.0,154,15
overall,MIXED,16.7,ALL,11,スマイト,154,77,77,0.5,0.2,770,15
overall,MIXED,16.7,JUNGLE,11,スマイト,154,77,77,0.5,1.0,154,15
overall,MIXED,16.1,BOTTOM,4,フラッシュ,154,77,77,0.5,1.0,154,15
overall,MIXED,16.7,BOTTOM,4,フラッシュ,153,76,77,0.49673202614379086,0.9935064935064936,154,15
overall,MIXED,16.7,MIDDLE,4,フラッシュ,153,76,77,0.49673202614379086,0.9935064935064936,154,15
overall,MIXED,16.1,MIDDLE,4,フラッシュ,152,77,75,0.506578947368421,0.987012987012987,154,15
overall,MIXED,16.6,ALL,11,スマイト,152,76,76,0.5,0.2,760,15
overall,MIXED,16.6,JUNGLE,11,スマイト,152,76,76,0.5,1.0,152,15
overall,MIXED,15.17,TOP,4,フラッシュ,152,76,76,0.5,0.9382716049382716,162,15
overall,MIXED,16.6,BOTTOM,4,フラッシュ,152,76,76,0.5,1.0,152,15
overall,MIXED,16.7,JUNGLE,4,フラッシュ,152,76,76,0.5,0.987012987012987,154,15
overall,MIXED,16.7,UTILITY,4,フラッシュ,152,76,76,0.5,0.987012987012987,154,15
overall,MIXED,15.17,ALL,21,バリア,151,76,75,0.5033112582781457,0.18641975308641975,810,15
overall,MIXED,16.9,JUNGLE,4,フラッシュ,151,74,77,0.4900662251655629,0.9556962025316456,158,15
overall,MIXED,16.9,TOP,4,フラッシュ,151,74,77,0.4900662251655629,0.9556962025316456,158,15
overall,MIXED,16.6,MIDDLE,4,フラッシュ,149,75,74,0.5033557046979866,0.9802631578947368,152,15
overall,MIXED,16.1,UTILITY,4,フラッシュ,149,74,75,0.4966442953020134,0.9738562091503268,153,15
overall,MIXED,15.15,ALL,12,テレポート,148,71,77,0.4797297297297297,0.36097560975609755,410,15
overall,MIXED,15.7,ALL,12,テレポート,147,77,70,0.5238095238095238,0.31956521739130433,460,15
overall,MIXED,16.3,ALL,21,バリア,147,77,70,0.5238095238095238,0.16704545454545455,880,15
overall,MIXED,16.6,UTILITY,4,フラッシュ,146,74,72,0.5068493150684932,0.9668874172185431,151,15
overall,MIXED,16.12,ALL,21,バリア,146,72,74,0.4931506849315068,0.16404494382022472,890,15
overall,MIXED,16.11,UTILITY,14,イグナイト,146,68,78,0.4657534246575342,0.6186440677966102,236,15
overall,MIXED,15.17,TOP,12,テレポート,145,73,72,0.503448275862069,0.8950617283950617,162,15
overall,MIXED,15.17,BOTTOM,21,バリア,145,73,72,0.503448275862069,0.8950617283950617,162,15
overall,MIXED,16.6,JUNGLE,4,フラッシュ,145,72,73,0.496551724137931,0.9539473684210527,152,15
overall,MIXED,16.1,TOP,4,フラッシュ,144,71,73,0.4930555555555556,0.935064935064935,154,15
overall,MIXED,16.7,TOP,4,フラッシュ,144,71,73,0.4930555555555556,0.935064935064935,154,15
overall,MIXED,16.18,TOP,12,テレポート,144,64,80,0.4444444444444444,0.42857142857142855,336,15
overall,MIXED,15.17,ALL,14,イグナイト,143,75,68,0.5244755244755245,0.1765432098765432,810,15
overall,MIXED,16.6,TOP,4,フラッシュ,143,74,69,0.5174825174825175,0.9407894736842105,152,15
overall,MIXED,16.14,BOTTOM,12,テレポート,143,68,75,0.4755244755244755,0.20545977011494254,696,15
overall,MIXED,16.2,ALL,11,スマイト,142,71,71,0.5,0.2,710,15
overall,MIXED,16.2,JUNGLE,11,スマイト,142,71,71,0.5,1.0,142,15
overall,MIXED,16.12,BOTTOM,21,バリア,142,71,71,0.5,0.8022598870056498,177,15
overall,MIXED,16.2,BOTTOM,4,フラッシュ,142,71,71,0.5,1.0,142,15
overall,MIXED,16.2,MIDDLE,4,フラッシュ,142,71,71,0.5,1.0,142,15
overall,MIXED,16.3,BOTTOM,21,バリア,140,73,67,0.5214285714285715,0.7954545454545454,176,15
overall,MIXED,16.8,ALL,11,スマイト,140,70,70,0.5,0.2,700,15
overall,MIXED,16.8,JUNGLE,11,スマイト,140,70,70,0.5,1.0,140,15
overall,MIXED,16.1,JUNGLE,4,フラッシュ,140,70,70,0.5,0.9090909090909091,154,15
overall,MIXED,16.8,MIDDLE,4,フラッシュ,140,70,70,0.5,1.0,140,15
overall,MIXED,15.19,UTILITY,14,イグナイト,139,73,66,0.5251798561151079,0.6043478260869565,230,15
overall,MIXED,16.8,BOTTOM,4,フラッシュ,139,69,70,0.49640287769784175,0.9928571428571429,140,15
overall,MIXED,15.13,UTILITY,14,イグナイト,138,71,67,0.5144927536231884,0.71875,192,15
overall,MIXED,16.8,UTILITY,4,フラッシュ,138,70,68,0.5072463768115942,0.9857142857142858,140,15
overall,MIXED,15.10,ALL,11,スマイト,138,69,69,0.5,0.2,690,15
overall,MIXED,15.10,JUNGLE,11,スマイト,138,69,69,0.5,1.0,138,15
overall,MIXED,15.10,BOTTOM,4,フラッシュ,138,69,69,0.5,1.0,138,15
overall,MIXED,16.2,UTILITY,4,フラッシュ,138,68,70,0.4927536231884058,0.971830985915493,142,15
overall,MIXED,15.17,MIDDLE,12,テレポート,137,69,68,0.5036496350364964,0.845679012345679,162,15
overall,MIXED,15.10,MIDDLE,4,フラッシュ,137,68,69,0.49635036496350365,0.9927536231884058,138,15
overall,MIXED,16.8,JUNGLE,4,フラッシュ,136,68,68,0.5,0.9714285714285714,140,15
overall,MIXED,15.10,UTILITY,4,フラッシュ,136,67,69,0.49264705882352944,0.9855072463768116,138,15
overall,MIXED,16.2,JUNGLE,4,フラッシュ,136,67,69,0.49264705882352944,0.9577464788732394,142,15
overall,MIXED,15.3,ALL,12,テレポート,134,71,63,0.5298507462686567,0.32682926829268294,410,15
overall,MIXED,15.10,ALL,14,イグナイト,133,68,65,0.5112781954887218,0.1927536231884058,690,15
overall,MIXED,15.20,ALL,11,スマイト,132,66,66,0.5,0.2,660,15
overall,MIXED,15.20,JUNGLE,11,スマイト,132,66,66,0.5,1.0,132,15
overall,MIXED,15.22,ALL,11,スマイト,132,66,66,0.5,0.2,660,15
overall,MIXED,15.22,JUNGLE,11,スマイト,132,66,66,0.5,1.0,132,15
overall,MIXED,15.22,BOTTOM,4,フラッシュ,132,66,66,0.5,1.0,132,15
overall,MIXED,16.15,ALL,3,イグゾースト,132,63,69,0.4772727272727273,0.031961259079903145,4130,15
overall,MIXED,15.8,ALL,11,スマイト,131,65,66,0.4961832061068702,0.20153846153846153,650,15
overall,MIXED,15.20,BOTTOM,4,フラッシュ,131,65,66,0.4961832061068702,0.9924242424242424,132,15
overall,MIXED,15.22,MIDDLE,4,フラッシュ,131,65,66,0.4961832061068702,0.9924242424242424,132,15
overall,MIXED,16.2,TOP,4,フラッシュ,130,68,62,0.5230769230769231,0.9154929577464789,142,15
overall,MIXED,16.3,MIDDLE,12,テレポート,130,66,64,0.5076923076923077,0.7386363636363636,176,15
overall,MIXED,15.18,ALL,11,スマイト,130,65,65,0.5,0.2,650,15
overall,MIXED,15.18,JUNGLE,11,スマイト,130,65,65,0.5,1.0,130,15
overall,MIXED,15.8,JUNGLE,11,スマイト,130,65,65,0.5,1.0,130,15
overall,MIXED,15.18,BOTTOM,4,フラッシュ,130,65,65,0.5,1.0,130,15
overall,MIXED,15.20,JUNGLE,4,フラッシュ,130,65,65,0.5,0.9848484848484849,132,15
overall,MIXED,15.8,BOTTOM,4,フラッシュ,130,65,65,0.5,1.0,130,15
overall,MIXED,15.20,MIDDLE,4,フラッシュ,129,65,64,0.5038759689922481,0.9847328244274809,131,15
overall,MIXED,15.20,UTILITY,4,フラッシュ,129,65,64,0.5038759689922481,0.9772727272727273,132,15
overall,MIXED,15.22,UTILITY,4,フラッシュ,128,65,63,0.5078125,0.9696969696969697,132,15
overall,MIXED,15.8,MIDDLE,4,フラッシュ,128,65,63,0.5078125,0.9846153846153847,130,15
overall,MIXED,15.18,MIDDLE,4,フラッシュ,128,64,64,0.5,0.9846153846153847,130,15
overall,MIXED,15.18,JUNGLE,4,フラッシュ,127,64,63,0.5039370078740157,0.9769230769230769,130,15
overall,MIXED,16.1,ALL,21,バリア,127,63,64,0.49606299212598426,0.16493506493506493,770,15
overall,MIXED,16.7,ALL,21,バリア,127,63,64,0.49606299212598426,0.16493506493506493,770,15
overall,MIXED,16.9,ALL,21,バリア,127,63,64,0.49606299212598426,0.16075949367088607,790,15
overall,MIXED,16.17,TOP,6,ゴースト,127,56,71,0.4409448818897638,0.1259920634920635,1008,15
overall,MIXED,15.18,UTILITY,4,フラッシュ,126,64,62,0.5079365079365079,0.9692307692307692,130,15
overall,MIXED,15.20,TOP,4,フラッシュ,126,63,63,0.5,0.9545454545454546,132,15
overall,MIXED,16.8,TOP,4,フラッシュ,126,63,63,0.5,0.9,140,15
overall,MIXED,15.22,JUNGLE,4,フラッシュ,125,64,61,0.512,0.946969696969697,132,15
overall,MIXED,15.10,TOP,4,フラッシュ,125,63,62,0.504,0.9057971014492754,138,15
overall,MIXED,16.5,ALL,21,バリア,125,62,63,0.496,0.15432098765432098,810,15
overall,MIXED,16.1,BOTTOM,21,バリア,125,61,64,0.488,0.8116883116883117,154,15
overall,MIXED,16.9,BOTTOM,21,バリア,124,63,61,0.5080645161290323,0.7848101265822784,158,15
overall,MIXED,15.8,UTILITY,4,フラッシュ,124,62,62,0.5,0.9538461538461539,130,15
overall,MIXED,15.8,ALL,14,イグナイト,123,70,53,0.5691056910569106,0.18923076923076923,650,15
overall,MIXED,15.18,TOP,4,フラッシュ,123,62,61,0.5040650406504065,0.9461538461538461,130,15
overall,MIXED,16.18,MIDDLE,14,イグナイト,123,61,62,0.4959349593495935,0.36607142857142855,336,15
overall,MIXED,16.7,BOTTOM,21,バリア,123,60,63,0.4878048780487805,0.7987012987012987,154,15
overall,MIXED,15.18,ALL,14,イグナイト,123,59,64,0.4796747967479675,0.18923076923076923,650,15
overall,MIXED,15.8,JUNGLE,4,フラッシュ,122,62,60,0.5081967213114754,0.9384615384615385,130,15
overall,MIXED,15.9,ALL,12,テレポート,122,59,63,0.48360655737704916,0.2837209302325581,430,15
overall,MIXED,16.4,ALL,12,テレポート,121,61,60,0.5041322314049587,0.22830188679245284,530,15
overall,MIXED,16.5,BOTTOM,21,バリア,121,59,62,0.48760330578512395,0.7469135802469136,162,15
overall,MIXED,16.10,UTILITY,14,イグナイト,119,59,60,0.4957983193277311,0.536036036036036,222,15
overall,MIXED,15.10,JUNGLE,4,フラッシュ,119,57,62,0.4789915966386555,0.8623188405797102,138,15
overall,MIXED,15.8,TOP,4,フラッシュ,118,62,56,0.5254237288135594,0.9076923076923077,130,15
overall,MIXED,16.12,MIDDLE,12,テレポート,118,60,58,0.5084745762711864,0.6629213483146067,178,15
overall,MIXED,15.21,ALL,11,スマイト,118,59,59,0.5,0.2,590,15
overall,MIXED,15.21,JUNGLE,11,スマイト,118,59,59,0.5,1.0,118,15
overall,MIXED,15.22,TOP,4,フラッシュ,118,58,60,0.4915254237288136,0.8939393939393939,132,15
overall,MIXED,15.10,TOP,12,テレポート,118,57,61,0.4830508474576271,0.855072463768116,138,15
overall,MIXED,15.10,ALL,21,バリア,118,57,61,0.4830508474576271,0.17101449275362318,690,15
overall,MIXED,16.8,ALL,21,バリア,117,59,58,0.5042735042735043,0.16714285714285715,700,15
overall,MIXED,15.21,BOTTOM,4,フラッシュ,117,59,58,0.5042735042735043,1.0,117,15
overall,MIXED,15.21,UTILITY,4,フラッシュ,117,59,58,0.5042735042735043,0.9915254237288136,118,15
overall,MIXED,15.20,ALL,14,イグナイト,117,56,61,0.47863247863247865,0.17727272727272728,660,15
overall,MIXED,16.9,MIDDLE,12,テレポート,116,61,55,0.5258620689655172,0.7341772151898734,158,15
overall,MIXED,15.23,ALL,11,スマイト,116,58,58,0.5,0.2,580,15
overall,MIXED,15.23,JUNGLE,11,スマイト,116,58,58,0.5,1.0,116,15
overall,MIXED,15.23,BOTTOM,4,フラッシュ,116,58,58,0.5,1.0,116,15
overall,MIXED,15.10,BOTTOM,21,バリア,116,56,60,0.4827586206896552,0.8405797101449275,138,15
overall,MIXED,16.2,ALL,21,バリア,116,55,61,0.47413793103448276,0.16338028169014085,710,15
overall,MIXED,16.1,MIDDLE,12,テレポート,116,54,62,0.46551724137931033,0.7532467532467533,154,15
overall,MIXED,16.6,ALL,21,バリア,116,52,64,0.4482758620689655,0.15263157894736842,760,15
overall,MIXED,16.7,MIDDLE,12,テレポート,115,62,53,0.5391304347826087,0.7467532467532467,154,15
overall,MIXED,15.21,MIDDLE,4,フラッシュ,115,57,58,0.4956521739130435,0.9745762711864406,118,15
overall,MIXED,16.5,MIDDLE,12,テレポート,115,55,60,0.4782608695652174,0.7098765432098766,162,15
overall,MIXED,16.8,BOTTOM,21,バリア,114,58,56,0.5087719298245614,0.8142857142857143,140,15
overall,MIXED,15.23,MIDDLE,4,フラッシュ,114,58,56,0.5087719298245614,0.9827586206896551,116,15
overall,MIXED,16.12,UTILITY,14,イグナイト,114,56,58,0.49122807017543857,0.6404494382022472,178,15
overall,MIXED,15.21,JUNGLE,4,フラッシュ,113,59,54,0.5221238938053098,0.9576271186440678,118,15
overall,MIXED,15.23,UTILITY,4,フラッシュ,113,58,55,0.5132743362831859,0.9741379310344828,116,15
overall,MIXED,15.20,MIDDLE,12,テレポート,112,57,55,0.5089285714285714,0.8549618320610687,131,15
overall,MIXED,15.21,TOP,4,フラッシュ,112,57,55,0.5089285714285714,0.9491525423728814,118,15
overall,MIXED,15.18,TOP,12,テレポート,112,56,56,0.5,0.8615384615384616,130,15
overall,MIXED,15.23,JUNGLE,4,フラッシュ,112,56,56,0.5,0.9655172413793104,116,15
overall,MIXED,16.11,TOP,12,テレポート,112,55,57,0.49107142857142855,0.4745762711864407,236,15
overall,MIXED,15.20,TOP,12,テレポート,112,53,59,0.4732142857142857,0.8484848484848485,132,15
overall,MIXED,15.22,ALL,14,イグナイト,112,52,60,0.4642857142857143,0.1696969696969697,660,15
overall,MIXED,14.22,ALL,12,テレポート,111,57,54,0.5135135135135135,0.38275862068965516,290,15
overall,MIXED,15.18,ALL,21,バリア,111,56,55,0.5045045045045045,0.17076923076923076,650,15
overall,MIXED,16.2,BOTTOM,21,バリア,111,52,59,0.46846846846846846,0.7816901408450704,142,15
overall,MIXED,16.6,BOTTOM,21,バリア,111,49,62,0.44144144144144143,0.7302631578947368,152,15
overall,MIXED,16.18,ALL,7,ヒール,110,56,54,0.509090909090909,0.06547619047619048,1680,15
overall,MIXED,15.8,ALL,21,バリア,110,55,55,0.5,0.16923076923076924,650,15
overall,MIXED,15.8,BOTTOM,21,バリア,110,55,55,0.5,0.8461538461538461,130,15
overall,MIXED,15.18,MIDDLE,12,テレポート,110,53,57,0.4818181818181818,0.8461538461538461,130,15
overall,MIXED,15.21,ALL,14,イグナイト,110,47,63,0.42727272727272725,0.1864406779661017,590,15
overall,MIXED,16.11,TOP,14,イグナイト,109,59,50,0.5412844036697247,0.461864406779661,236,15
overall,MIXED,16.10,TOP,12,テレポート,109,57,52,0.5229357798165137,0.49099099099099097,222,15
overall,MIXED,15.8,TOP,12,テレポート,109,55,54,0.5045871559633027,0.8384615384615385,130,15
overall,MIXED,15.16,ALL,11,スマイト,108,54,54,0.5,0.2,540,15
overall,MIXED,15.16,JUNGLE,11,スマイト,108,54,54,0.5,1.0,108,15
overall,MIXED,16.2,MIDDLE,12,テレポート,108,54,54,0.5,0.7605633802816901,142,15
overall,MIXED,15.18,BOTTOM,21,バリア,108,54,54,0.5,0.8307692307692308,130,15
overall,MIXED,15.22,ALL,21,バリア,108,53,55,0.49074074074074076,0.16363636363636364,660,15
overall,MIXED,15.16,BOTTOM,4,フラッシュ,107,54,53,0.5046728971962616,1.0,107,15
overall,MIXED,16.1,TOP,12,テレポート,107,53,54,0.4953271028037383,0.6948051948051948,154,15
overall,MIXED,16.18,UTILITY,7,ヒール,107,53,54,0.4953271028037383,0.31845238095238093,336,15
overall,MIXED,15.17,UTILITY,14,イグナイト,106,58,48,0.5471698113207547,0.6583850931677019,161,15
overall,MIXED,14.21,ALL,12,テレポート,106,54,52,0.5094339622641509,0.37857142857142856,280,15
overall,MIXED,15.16,MIDDLE,4,フラッシュ,106,54,52,0.5094339622641509,0.9814814814814815,108,15
overall,MIXED,15.11,ALL,11,スマイト,106,53,53,0.5,0.2,530,15
overall,MIXED,15.11,JUNGLE,11,スマイト,106,53,53,0.5,1.0,106,15
overall,MIXED,16.4,ALL,11,スマイト,106,53,53,0.5,0.2,530,15
overall,MIXED,16.4,JUNGLE,11,スマイト,106,53,53,0.5,1.0,106,15
overall,MIXED,15.11,BOTTOM,4,フラッシュ,106,53,53,0.5,1.0,106,15
overall,MIXED,15.23,TOP,4,フラッシュ,106,53,53,0.5,0.9137931034482759,116,15
overall,MIXED,16.4,BOTTOM,4,フラッシュ,106,53,53,0.5,1.0,106,15
overall,MIXED,15.8,MIDDLE,12,テレポート,106,50,56,0.4716981132075472,0.8153846153846154,130,15
overall,MIXED,16.17,BOTTOM,12,テレポート,106,49,57,0.46226415094339623,0.10515873015873016,1008,15
overall,MIXED,16.6,MIDDLE,12,テレポート,105,55,50,0.5238095238095238,0.6907894736842105,152,15
overall,MIXED,16.4,MIDDLE,4,フラッシュ,105,53,52,0.5047619047619047,0.9905660377358491,106,15
overall,MIXED,15.11,MIDDLE,4,フラッシュ,105,52,53,0.49523809523809526,0.9905660377358491,106,15
overall,MIXED,15.10,MIDDLE,12,テレポート,104,54,50,0.5192307692307693,0.7536231884057971,138,15
overall,MIXED,15.22,MIDDLE,12,テレポート,104,54,50,0.5192307692307693,0.7878787878787878,132,15
overall,MIXED,16.3,UTILITY,14,イグナイト,104,53,51,0.5096153846153846,0.5909090909090909,176,15
overall,MIXED,15.22,TOP,12,テレポート,104,51,53,0.49038461538461536,0.7878787878787878,132,15
overall,MIXED,15.16,UTILITY,4,フラッシュ,104,51,53,0.49038461538461536,0.9629629629629629,108,15
overall,MIXED,15.11,UTILITY,4,フラッシュ,103,53,50,0.5145631067961165,0.9716981132075472,106,15
overall,MIXED,15.22,BOTTOM,21,バリア,103,51,52,0.49514563106796117,0.7803030303030303,132,15
overall,MIXED,16.8,MIDDLE,12,テレポート,103,48,55,0.46601941747572817,0.7357142857142858,140,15
overall,MIXED,15.11,ALL,14,イグナイト,102,55,47,0.5392156862745098,0.19245283018867926,530,15
overall,MIXED,15.21,MIDDLE,12,テレポート,102,54,48,0.5294117647058824,0.864406779661017,118,15
overall,MIXED,15.16,ALL,21,バリア,102,52,50,0.5098039215686274,0.18888888888888888,540,15
overall,MIXED,15.12,ALL,11,スマイト,102,51,51,0.5,0.2,510,15
overall,MIXED,15.12,JUNGLE,11,スマイト,102,51,51,0.5,1.0,102,15
overall,MIXED,15.12,MIDDLE,4,フラッシュ,102,51,51,0.5,1.0,102,15
overall,MIXED,15.12,UTILITY,4,フラッシュ,102,51,51,0.5,1.0,102,15
overall,MIXED,15.23,MIDDLE,12,テレポート,102,50,52,0.49019607843137253,0.8793103448275862,116,15
overall,MIXED,15.16,JUNGLE,4,フラッシュ,102,50,52,0.49019607843137253,0.9444444444444444,108,15
overall,MIXED,16.16,ALL,3,イグゾースト,102,45,57,0.4411764705882353,0.03063063063063063,3330,15
overall,MIXED,16.17,UTILITY,3,イグゾースト,102,42,60,0.4117647058823529,0.10119047619047619,1008,15
overall,MIXED,15.20,ALL,21,バリア,101,53,48,0.5247524752475248,0.15303030303030302,660,15
overall,MIXED,15.16,TOP,4,フラッシュ,101,53,48,0.5247524752475248,0.9351851851851852,108,15
overall,MIXED,15.12,BOTTOM,4,フラッシュ,101,51,50,0.504950495049505,1.0,101,15
overall,MIXED,16.4,TOP,4,フラッシュ,101,50,51,0.49504950495049505,0.9619047619047619,105,15
overall,MIXED,15.11,TOP,4,フラッシュ,100,51,49,0.51,0.9433962264150944,106,15
overall,MIXED,15.23,ALL,21,バリア,100,50,50,0.5,0.1724137931034483,580,15
overall,MIXED,16.4,JUNGLE,4,フラッシュ,100,50,50,0.5,0.9433962264150944,106,15
overall,MIXED,16.4,UTILITY,4,フラッシュ,100,49,51,0.49,0.9433962264150944,106,15
overall,MIXED,15.12,ALL,14,イグナイト,99,50,49,0.5050505050505051,0.19411764705882353,510,15
overall,MIXED,16.9,UTILITY,14,イグナイト,99,45,54,0.45454545454545453,0.6265822784810127,158,15
overall,MIXED,14.24,ALL,12,テレポート,98,51,47,0.5204081632653061,0.392,250,15
overall,MIXED,15.11,JUNGLE,4,フラッシュ,98,49,49,0.5,0.9245283018867925,106,15
overall,MIXED,16.10,TOP,14,イグナイト,98,47,51,0.47959183673469385,0.44144144144144143,222,15
overall,MIXED,15.16,BOTTOM,21,バリア,97,50,47,0.5154639175257731,0.9065420560747663,107,15
overall,MIXED,15.20,BOTTOM,21,バリア,97,50,47,0.5154639175257731,0.7348484848484849,132,15
overall,MIXED,15.23,TOP,12,テレポート,97,48,49,0.4948453608247423,0.8362068965517241,116,15
overall,MIXED,15.7,ALL,14,イグナイト,97,47,50,0.4845360824742268,0.2108695652173913,460,15
overall,MIXED,15.9,ALL,14,イグナイト,96,54,42,0.5625,0.22325581395348837,430,15
overall,MIXED,15.16,ALL,14,イグナイト,96,52,44,0.5416666666666666,0.17777777777777778,540,15
overall,MIXED,16.10,ALL,7,ヒール,96,51,45,0.53125,0.08648648648648649,1110,15
overall,MIXED,14.20,ALL,11,スマイト,96,48,48,0.5,0.20869565217391303,460,15
overall,MIXED,16.5,UTILITY,14,イグナイト,96,47,49,0.4895833333333333,0.5925925925925926,162,15
overall,MIXED,15.4,ALL,12,テレポート,96,45,51,0.46875,0.35555555555555557,270,15
overall,MIXED,15.12,JUNGLE,4,フラッシュ,95,49,46,0.5157894736842106,0.9313725490196079,102,15
overall,MIXED,15.23,BOTTOM,21,バリア,95,47,48,0.49473684210526314,0.8189655172413793,116,15
overall,MIXED,16.18,ALL,6,ゴースト,95,45,50,0.47368421052631576,0.05654761904761905,1680,15
overall,MIXED,16.16,TOP,6,ゴースト,94,46,48,0.48936170212765956,0.14114114114114115,666,15
overall,MIXED,15.11,ALL,21,バリア,93,49,44,0.5268817204301075,0.17547169811320754,530,15
overall,MIXED,16.1,UTILITY,14,イグナイト,93,47,46,0.5053763440860215,0.6078431372549019,153,15
overall,MIXED,15.2,ALL,11,スマイト,93,46,47,0.4946236559139785,0.20217391304347826,460,15
overall,MIXED,15.18,UTILITY,14,イグナイト,93,43,50,0.46236559139784944,0.7153846153846154,130,15
overall,MIXED,14.20,JUNGLE,11,スマイト,92,46,46,0.5,1.0,92,15
overall,MIXED,15.14,ALL,11,スマイト,92,46,46,0.5,0.2,460,15
overall,MIXED,15.14,JUNGLE,11,スマイト,92,46,46,0.5,1.0,92,15
overall,MIXED,15.2,JUNGLE,11,スマイト,92,46,46,0.5,1.0,92,15
overall,MIXED,15.7,ALL,11,スマイト,92,46,46,0.5,0.2,460,15
overall,MIXED,15.7,JUNGLE,11,スマイト,92,46,46,0.5,1.0,92,15
overall,MIXED,14.20,BOTTOM,4,フラッシュ,92,46,46,0.5,1.0,92,15
overall,MIXED,14.20,MIDDLE,4,フラッシュ,92,46,46,0.5,1.0,92,15
overall,MIXED,15.14,BOTTOM,4,フラッシュ,92,46,46,0.5,1.0,92,15
overall,MIXED,15.14,MIDDLE,4,フラッシュ,92,46,46,0.5,1.0,92,15
overall,MIXED,15.14,UTILITY,4,フラッシュ,92,46,46,0.5,1.0,92,15
overall,MIXED,15.2,BOTTOM,4,フラッシュ,92,46,46,0.5,1.0,92,15
overall,MIXED,15.2,MIDDLE,4,フラッシュ,92,46,46,0.5,1.0,92,15
overall,MIXED,15.7,BOTTOM,4,フラッシュ,92,46,46,0.5,1.0,92,15
overall,MIXED,15.5,ALL,4,フラッシュ,92,45,47,0.4891304347826087,0.92,100,15
overall,MIXED,15.11,TOP,12,テレポート,92,44,48,0.4782608695652174,0.8679245283018868,106,15
overall,MIXED,15.21,ALL,21,バリア,92,44,48,0.4782608695652174,0.15593220338983052,590,15
overall,MIXED,15.21,TOP,12,テレポート,92,43,49,0.4673913043478261,0.7796610169491526,118,15
overall,MIXED,16.10,UTILITY,7,ヒール,91,48,43,0.5274725274725275,0.4099099099099099,222,15
overall,MIXED,15.14,ALL,14,イグナイト,91,47,44,0.5164835164835165,0.19782608695652174,460,15
overall,MIXED,15.2,UTILITY,4,フラッシュ,91,45,46,0.4945054945054945,0.9891304347826086,92,15
overall,MIXED,15.21,BOTTOM,21,バリア,91,44,47,0.4835164835164835,0.7777777777777778,117,15
overall,MIXED,15.12,MIDDLE,12,テレポート,91,43,48,0.4725274725274725,0.8921568627450981,102,15
overall,MIXED,15.7,MIDDLE,4,フラッシュ,90,45,45,0.5,0.9782608695652174,92,15
overall,MIXED,14.20,UTILITY,4,フラッシュ,90,44,46,0.4888888888888889,0.9782608695652174,92,15
overall,MIXED,15.7,UTILITY,4,フラッシュ,90,44,46,0.4888888888888889,0.9782608695652174,92,15
overall,MIXED,16.15,TOP,6,ゴースト,90,38,52,0.4222222222222222,0.1089588377723971,826,15
overall,MIXED,15.11,BOTTOM,21,バリア,89,47,42,0.5280898876404494,0.839622641509434,106,15
overall,MIXED,15.16,TOP,12,テレポート,89,44,45,0.4943820224719101,0.8240740740740741,108,15
overall,MIXED,15.23,ALL,14,イグナイト,89,41,48,0.4606741573033708,0.15344827586206897,580,15
overall,MIXED,15.16,MIDDLE,12,テレポート,89,41,48,0.4606741573033708,0.8240740740740741,108,15
overall,MIXED,16.14,ALL,3,イグゾースト,89,39,50,0.43820224719101125,0.025574712643678162,3480,15
overall,MIXED,14.20,JUNGLE,4,フラッシュ,88,44,44,0.5,0.9565217391304348,92,15
overall,MIXED,15.12,TOP,4,フラッシュ,88,44,44,0.5,0.8627450980392157,102,15
overall,MIXED,15.14,JUNGLE,4,フラッシュ,88,44,44,0.5,0.9565217391304348,92,15
overall,MIXED,16.7,TOP,12,テレポート,88,43,45,0.48863636363636365,0.5714285714285714,154,15
overall,MIXED,15.12,ALL,21,バリア,87,44,43,0.5057471264367817,0.17058823529411765,510,15
overall,MIXED,15.8,UTILITY,14,イグナイト,86,47,39,0.5465116279069767,0.6615384615384615,130,15
overall,MIXED,15.2,JUNGLE,4,フラッシュ,86,44,42,0.5116279069767442,0.9347826086956522,92,15
overall,MIXED,15.9,ALL,11,スマイト,86,43,43,0.5,0.2,430,15
overall,MIXED,15.9,JUNGLE,11,スマイト,86,43,43,0.5,1.0,86,15
overall,MIXED,16.4,ALL,21,バリア,86,43,43,0.5,0.16226415094339622,530,15
overall,MIXED,15.9,BOTTOM,4,フラッシュ,86,43,43,0.5,1.0,86,15
overall,MIXED,16.7,UTILITY,14,イグナイト,86,39,47,0.45348837209302323,0.5584415584415584,154,15
overall,MIXED,16.4,BOTTOM,21,バリア,85,43,42,0.5058823529411764,0.8018867924528302,106,15
overall,MIXED,15.9,UTILITY,4,フラッシュ,85,43,42,0.5058823529411764,0.9883720930232558,86,15
overall,MIXED,16.12,TOP,14,イグナイト,84,45,39,0.5357142857142857,0.47191011235955055,178,15
overall,MIXED,15.12,BOTTOM,21,バリア,84,43,41,0.5119047619047619,0.8316831683168316,101,15
overall,MIXED,15.9,MIDDLE,4,フラッシュ,84,43,41,0.5119047619047619,0.9767441860465116,86,15
overall,MIXED,14.19,ALL,11,スマイト,84,42,42,0.5,0.2,420,15
overall,MIXED,14.19,JUNGLE,11,スマイト,84,42,42,0.5,1.0,84,15
overall,MIXED,15.14,TOP,12,テレポート,84,42,42,0.5,0.9130434782608695,92,15
overall,MIXED,14.19,BOTTOM,4,フラッシュ,84,42,42,0.5,1.0,84,15
overall,MIXED,15.3,ALL,14,イグナイト,84,39,45,0.4642857142857143,0.2048780487804878,410,15
overall,MIXED,14.20,ALL,14,イグナイト,83,44,39,0.5301204819277109,0.18043478260869567,460,15
overall,MIXED,14.19,UTILITY,4,フラッシュ,83,42,41,0.5060240963855421,0.9880952380952381,84,15
overall,MIXED,14.19,MIDDLE,4,フラッシュ,83,41,42,0.4939759036144578,0.9880952380952381,84,15
overall,MIXED,16.3,TOP,12,テレポート,83,40,43,0.4819277108433735,0.4715909090909091,176,15
overall,MIXED,15.11,MIDDLE,12,テレポート,83,38,45,0.4578313253012048,0.7830188679245284,106,15
overall,MIXED,15.10,UTILITY,14,イグナイト,82,43,39,0.524390243902439,0.5942028985507246,138,15
overall,MIXED,15.14,TOP,4,フラッシュ,82,43,39,0.524390243902439,0.8913043478260869,92,15
overall,MIXED,15.7,ALL,21,バリア,82,42,40,0.5121951219512195,0.1782608695652174,460,15
overall,MIXED,15.7,BOTTOM,21,バリア,82,42,40,0.5121951219512195,0.8913043478260869,92,15
overall,MIXED,15.15,ALL,11,スマイト,82,41,41,0.5,0.2,410,15
overall,MIXED,15.15,JUNGLE,11,スマイト,82,41,41,0.5,1.0,82,15
overall,MIXED,15.3,ALL,11,スマイト,82,41,41,0.5,0.2,410,15
overall,MIXED,15.3,JUNGLE,11,スマイト,82,41,41,0.5,1.0,82,15
overall,MIXED,15.15,BOTTOM,4,フラッシュ,82,41,41,0.5,1.0,82,15
overall,MIXED,15.15,UTILITY,4,フラッシュ,82,41,41,0.5,1.0,82,15
overall,MIXED,15.3,UTILITY,4,フラッシュ,82,41,41,0.5,1.0,82,15
overall,MIXED,15.7,JUNGLE,4,フラッシュ,82,40,42,0.4878048780487805,0.8913043478260869,92,15
overall,MIXED,15.20,UTILITY,14,イグナイト,82,39,43,0.47560975609756095,0.6212121212121212,132,15
overall,MIXED,15.12,TOP,12,テレポート,81,44,37,0.5432098765432098,0.7941176470588235,102,15
overall,MIXED,15.2,TOP,12,テレポート,81,44,37,0.5432098765432098,0.8804347826086957,92,15
overall,MIXED,15.3,BOTTOM,4,フラッシュ,81,41,40,0.5061728395061729,0.9878048780487805,82,15
overall,MIXED,15.7,TOP,4,フラッシュ,81,41,40,0.5061728395061729,0.8804347826086957,92,15
overall,MIXED,15.15,MIDDLE,4,フラッシュ,81,40,41,0.49382716049382713,0.9878048780487805,82,15
overall,MIXED,15.3,MIDDLE,4,フラッシュ,81,40,41,0.49382716049382713,0.9878048780487805,82,15
overall,MIXED,14.19,MIDDLE,12,テレポート,81,39,42,0.48148148148148145,0.9642857142857143,84,15
overall,MIXED,15.9,TOP,4,フラッシュ,81,39,42,0.48148148148148145,0.9418604651162791,86,15
overall,MIXED,14.20,TOP,4,フラッシュ,81,37,44,0.4567901234567901,0.8804347826086957,92,15
overall,MIXED,14.23,ALL,12,テレポート,80,45,35,0.5625,0.38095238095238093,210,15
overall,MIXED,16.5,TOP,14,イグナイト,80,44,36,0.55,0.49382716049382713,162,15
overall,MIXED,15.1,ALL,12,テレポート,80,43,37,0.5375,0.42105263157894735,190,15
overall,MIXED,16.2,UTILITY,14,イグナイト,80,40,40,0.5,0.5633802816901409,142,15
overall,MIXED,15.9,JUNGLE,4,フラッシュ,80,39,41,0.4875,0.9302325581395349,86,15
overall,MIXED,15.24,ALL,7,ヒール,79,48,31,0.6075949367088608,0.046198830409356725,1710,15
overall,MIXED,14.20,TOP,12,テレポート,79,41,38,0.5189873417721519,0.8586956521739131,92,15
overall,MIXED,15.2,MIDDLE,12,テレポート,79,39,40,0.4936708860759494,0.8586956521739131,92,15
overall,MIXED,15.2,TOP,4,フラッシュ,79,39,40,0.4936708860759494,0.8586956521739131,92,15
overall,MIXED,15.6,ALL,4,フラッシュ,79,39,40,0.4936708860759494,0.9875,80,15
overall,MIXED,15.15,ALL,21,バリア,79,38,41,0.4810126582278481,0.1926829268292683,410,15
overall,MIXED,15.2,ALL,21,バリア,79,37,42,0.46835443037974683,0.17173913043478262,460,15
overall,MIXED,15.15,JUNGLE,4,フラッシュ,78,40,38,0.5128205128205128,0.9512195121951219,82,15
overall,MIXED,14.20,MIDDLE,12,テレポート,78,39,39,0.5,0.8478260869565217,92,15
overall,MIXED,16.9,TOP,12,テレポート,78,39,39,0.5,0.4936708860759494,158,15
overall,MIXED,15.15,BOTTOM,21,バリア,78,38,40,0.48717948717948717,0.9512195121951219,82,15
overall,MIXED,15.14,ALL,21,バリア,78,37,41,0.47435897435897434,0.16956521739130434,460,15
overall,MIXED,16.13,ALL,3,イグゾースト,78,30,48,0.38461538461538464,0.02370820668693009,3290,15
overall,MIXED,16.6,TOP,14,イグナイト,77,38,39,0.4935064935064935,0.506578947368421,152,15
overall,MIXED,15.14,BOTTOM,21,バリア,77,36,41,0.4675324675324675,0.8369565217391305,92,15
overall,MIXED,15.21,UTILITY,14,イグナイト,77,34,43,0.44155844155844154,0.652542372881356,118,15
overall,MIXED,16.13,BOTTOM,12,テレポート,76,39,37,0.5131578947368421,0.11550151975683891,658,15
overall,MIXED,15.15,TOP,4,フラッシュ,76,38,38,0.5,0.926829268292683,82,15
overall,MIXED,15.3,JUNGLE,4,フラッシュ,76,38,38,0.5,0.926829268292683,82,15
overall,MIXED,16.18,ALL,3,イグゾースト,76,36,40,0.47368421052631576,0.04523809523809524,1680,15
overall,MIXED,15.14,MIDDLE,12,テレポート,76,35,41,0.4605263157894737,0.8260869565217391,92,15
overall,MIXED,15.2,BOTTOM,21,バリア,76,35,41,0.4605263157894737,0.8260869565217391,92,15
overall,MIXED,16.6,UTILITY,14,イグナイト,76,34,42,0.4473684210526316,0.5033112582781457,151,15
overall,MIXED,15.24,UTILITY,7,ヒール,75,46,29,0.6133333333333333,0.21929824561403508,342,15
overall,MIXED,16.8,TOP,12,テレポート,75,39,36,0.52,0.5357142857142857,140,15
overall,MIXED,14.19,JUNGLE,4,フラッシュ,75,38,37,0.5066666666666667,0.8928571428571429,84,15
overall,MIXED,16.11,ALL,7,ヒール,74,42,32,0.5675675675675675,0.06271186440677966,1180,15
overall,MIXED,16.8,UTILITY,14,イグナイト,74,41,33,0.5540540540540541,0.5285714285714286,140,15
overall,MIXED,14.19,TOP,12,テレポート,74,40,34,0.5405405405405406,0.8809523809523809,84,15
overall,MIXED,16.3,TOP,14,イグナイト,74,38,36,0.5135135135135135,0.42045454545454547,176,15
overall,MIXED,14.20,ALL,21,バリア,74,38,36,0.5135135135135135,0.1608695652173913,460,15
overall,MIXED,15.9,ALL,21,バリア,74,38,36,0.5135135135135135,0.17209302325581396,430,15
overall,MIXED,15.3,TOP,4,フラッシュ,74,36,38,0.4864864864864865,0.9024390243902439,82,15
overall,MIXED,15.15,TOP,12,テレポート,74,34,40,0.4594594594594595,0.9024390243902439,82,15
overall,MIXED,16.11,UTILITY,7,ヒール,73,41,32,0.5616438356164384,0.3093220338983051,236,15
overall,MIXED,15.7,MIDDLE,12,テレポート,73,40,33,0.547945205479452,0.7934782608695652,92,15
overall,MIXED,15.3,MIDDLE,12,テレポート,72,39,33,0.5416666666666666,0.8780487804878049,82,15
overall,MIXED,15.7,TOP,12,テレポート,72,37,35,0.5138888888888888,0.782608695652174,92,15
overall,MIXED,15.14,UTILITY,14,イグナイト,72,36,36,0.5,0.782608695652174,92,15
overall,MIXED,16.2,TOP,12,テレポート,72,32,40,0.4444444444444444,0.5070422535211268,142,15
overall,MIXED,15.9,BOTTOM,21,バリア,71,37,34,0.5211267605633803,0.8255813953488372,86,15
overall,MIXED,14.20,BOTTOM,21,バリア,71,36,35,0.5070422535211268,0.7717391304347826,92,15
overall,MIXED,15.19,ALL,7,ヒール,71,33,38,0.4647887323943662,0.06173913043478261,1150,15
overall,MIXED,15.12,UTILITY,14,イグナイト,70,37,33,0.5285714285714286,0.6862745098039216,102,15
overall,MIXED,15.15,ALL,14,イグナイト,70,37,33,0.5285714285714286,0.17073170731707318,410,15
overall,MIXED,16.12,TOP,12,テレポート,70,33,37,0.4714285714285714,0.39325842696629215,178,15
overall,MIXED,14.19,ALL,14,イグナイト,69,36,33,0.5217391304347826,0.16428571428571428,420,15
overall,MIXED,15.9,TOP,12,テレポート,69,35,34,0.5072463768115942,0.8023255813953488,86,15
overall,MIXED,15.3,ALL,21,バリア,69,35,34,0.5072463768115942,0.16829268292682928,410,15
overall,MIXED,15.22,UTILITY,14,イグナイト,69,33,36,0.4782608695652174,0.5227272727272727,132,15
overall,MIXED,16.16,BOTTOM,12,テレポート,68,36,32,0.5294117647058824,0.1021021021021021,666,15
overall,MIXED,15.15,MIDDLE,12,テレポート,68,34,34,0.5,0.8292682926829268,82,15
overall,MIXED,15.16,UTILITY,14,イグナイト,68,33,35,0.4852941176470588,0.6296296296296297,108,15
overall,MIXED,16.4,UTILITY,14,イグナイト,68,32,36,0.47058823529411764,0.6415094339622641,106,15
overall,MIXED,15.19,UTILITY,7,ヒール,68,32,36,0.47058823529411764,0.2956521739130435,230,15
overall,MIXED,16.17,JUNGLE,6,ゴースト,67,40,27,0.5970149253731343,0.06646825396825397,1008,15
overall,MIXED,16.17,ALL,1,クレンズ,67,33,34,0.4925373134328358,0.013293650793650793,5040,15
overall,MIXED,15.24,ALL,6,ゴースト,66,38,28,0.5757575757575758,0.03859649122807018,1710,15
overall,MIXED,14.19,ALL,21,バリア,66,34,32,0.5151515151515151,0.15714285714285714,420,15
overall,MIXED,15.3,BOTTOM,21,バリア,66,33,33,0.5,0.8048780487804879,82,15
overall,MIXED,15.7,UTILITY,14,イグナイト,65,33,32,0.5076923076923077,0.7065217391304348,92,15
overall,MIXED,14.19,BOTTOM,21,バリア,65,33,32,0.5076923076923077,0.7738095238095238,84,15
overall,MIXED,14.19,TOP,4,フラッシュ,65,33,32,0.5076923076923077,0.7738095238095238,84,15
overall,MIXED,16.4,MIDDLE,12,テレポート,64,30,34,0.46875,0.6037735849056604,106,15
overall,MIXED,16.15,UTILITY,3,イグゾースト,64,29,35,0.453125,0.0774818401937046,826,15
overall,MIXED,16.17,BOTTOM,1,クレンズ,63,32,31,0.5079365079365079,0.0625,1008,15
overall,MIXED,15.2,ALL,14,イグナイト,63,26,37,0.4126984126984127,0.13695652173913042,460,15
overall,MIXED,16.9,TOP,14,イグナイト,62,32,30,0.5161290322580645,0.3924050632911392,158,15
overall,MIXED,15.11,UTILITY,14,イグナイト,62,31,31,0.5,0.5849056603773585,106,15
overall,MIXED,14.22,ALL,11,スマイト,61,32,29,0.5245901639344263,0.2103448275862069,290,15
overall,MIXED,15.3,TOP,12,テレポート,61,31,30,0.5081967213114754,0.7439024390243902,82,15
overall,MIXED,15.3,UTILITY,14,イグナイト,60,30,30,0.5,0.7317073170731707,82,15
overall,MIXED,16.5,TOP,12,テレポート,60,27,33,0.45,0.37037037037037035,162,15
overall,MIXED,16.7,ALL,7,ヒール,59,34,25,0.576271186440678,0.07662337662337662,770,15
overall,MIXED,14.20,UTILITY,14,イグナイト,59,32,27,0.5423728813559322,0.6413043478260869,92,15
overall,MIXED,16.10,MIDDLE,14,イグナイト,59,31,28,0.5254237288135594,0.26576576576576577,222,15
overall,MIXED,16.6,TOP,12,テレポート,59,30,29,0.5084745762711864,0.3881578947368421,152,15
overall,MIXED,16.3,ALL,7,ヒール,59,28,31,0.4745762711864407,0.06704545454545455,880,15
overall,MIXED,15.23,UTILITY,14,イグナイト,59,26,33,0.4406779661016949,0.5086206896551724,116,15
overall,MIXED,16.7,UTILITY,7,ヒール,58,33,25,0.5689655172413793,0.37662337662337664,154,15
overall,MIXED,16.7,TOP,14,イグナイト,58,29,29,0.5,0.37662337662337664,154,15
overall,MIXED,14.22,JUNGLE,11,スマイト,58,29,29,0.5,1.0,58,15
overall,MIXED,14.22,BOTTOM,4,フラッシュ,58,29,29,0.5,1.0,58,15
overall,MIXED,16.12,MIDDLE,14,イグナイト,58,28,30,0.4827586206896552,0.3258426966292135,178,15
overall,MIXED,16.3,UTILITY,7,ヒール,58,28,30,0.4827586206896552,0.32954545454545453,176,15
overall,MIXED,15.24,MIDDLE,14,イグナイト,57,32,25,0.5614035087719298,0.16666666666666666,342,15
overall,MIXED,16.11,MIDDLE,14,イグナイト,57,31,26,0.543859649122807,0.24152542372881355,236,15
overall,MIXED,14.22,MIDDLE,4,フラッシュ,57,28,29,0.49122807017543857,0.9827586206896551,58,15
overall,MIXED,14.21,ALL,11,スマイト,56,28,28,0.5,0.2,280,15
overall,MIXED,14.21,JUNGLE,11,スマイト,56,28,28,0.5,1.0,56,15
overall,MIXED,14.22,UTILITY,4,フラッシュ,56,27,29,0.48214285714285715,0.9655172413793104,58,15
overall,MIXED,16.8,ALL,7,ヒール,56,23,33,0.4107142857142857,0.08,700,15
overall,MIXED,15.4,ALL,14,イグナイト,55,32,23,0.5818181818181818,0.2037037037037037,270,15
overall,MIXED,16.12,ALL,7,ヒール,55,30,25,0.5454545454545454,0.06179775280898876,890,15
overall,MIXED,16.12,UTILITY,7,ヒール,55,30,25,0.5454545454545454,0.3089887640449438,178,15
overall,MIXED,14.21,MIDDLE,4,フラッシュ,55,28,27,0.509090909090909,1.0,55,15
overall,MIXED,14.22,JUNGLE,4,フラッシュ,55,28,27,0.509090909090909,0.9482758620689655,58,15
overall,MIXED,15.4,ALL,11,スマイト,55,27,28,0.4909090909090909,0.2037037037037037,270,15
overall,MIXED,14.21,BOTTOM,4,フラッシュ,55,27,28,0.4909090909090909,0.9821428571428571,56,15
overall,MIXED,16.8,UTILITY,7,ヒール,55,23,32,0.41818181818181815,0.39285714285714285,140,15
overall,MIXED,14.19,UTILITY,14,イグナイト,54,29,25,0.5370370370370371,0.6428571428571429,84,15
overall,MIXED,16.15,JUNGLE,6,ゴースト,54,27,27,0.5,0.06537530266343826,826,15
overall,MIXED,15.4,JUNGLE,11,スマイト,54,27,27,0.5,1.0,54,15
overall,MIXED,15.4,BOTTOM,4,フラッシュ,54,27,27,0.5,1.0,54,15
overall,MIXED,16.6,ALL,7,ヒール,53,28,25,0.5283018867924528,0.06973684210526315,760,15
overall,MIXED,16.2,TOP,14,イグナイト,53,27,26,0.5094339622641509,0.3732394366197183,142,15
overall,MIXED,14.21,UTILITY,4,フラッシュ,53,27,26,0.5094339622641509,0.9464285714285714,56,15
overall,MIXED,15.4,MIDDLE,4,フラッシュ,53,27,26,0.5094339622641509,0.9814814814814815,54,15
overall,MIXED,16.8,TOP,14,イグナイト,53,26,27,0.49056603773584906,0.37857142857142856,140,15
overall,MIXED,14.22,MIDDLE,12,テレポート,53,26,27,0.49056603773584906,0.9137931034482759,58,15
overall,MIXED,16.2,ALL,7,ヒール,53,25,28,0.4716981132075472,0.07464788732394366,710,15
overall,MIXED,15.4,UTILITY,4,フラッシュ,52,27,25,0.5192307692307693,0.9629629629629629,54,15
overall,MIXED,14.21,JUNGLE,4,フラッシュ,52,26,26,0.5,0.9285714285714286,56,15
overall,MIXED,15.4,JUNGLE,4,フラッシュ,52,26,26,0.5,0.9629629629629629,54,15
overall,MIXED,16.2,UTILITY,7,ヒール,52,25,27,0.4807692307692308,0.36619718309859156,142,15
overall,MIXED,15.15,UTILITY,14,イグナイト,51,26,25,0.5098039215686274,0.6219512195121951,82,15
overall,MIXED,15.22,ALL,7,ヒール,51,25,26,0.49019607843137253,0.07727272727272727,660,15
overall,MIXED,16.5,ALL,7,ヒール,51,24,27,0.47058823529411764,0.06296296296296296,810,15
overall,MIXED,16.1,ALL,7,ヒール,50,28,22,0.56,0.06493506493506493,770,15
overall,MIXED,16.1,UTILITY,7,ヒール,50,28,22,0.56,0.32679738562091504,153,15
overall,MIXED,14.24,ALL,11,スマイト,50,25,25,0.5,0.2,250,15
overall,MIXED,14.24,JUNGLE,11,スマイト,50,25,25,0.5,1.0,50,15
overall,MIXED,14.24,BOTTOM,4,フラッシュ,50,25,25,0.5,1.0,50,15
overall,MIXED,15.9,UTILITY,14,イグナイト,49,27,22,0.5510204081632653,0.5697674418604651,86,15
overall,MIXED,14.24,MIDDLE,4,フラッシュ,49,25,24,0.5102040816326531,0.98,50,15
overall,MIXED,14.21,TOP,12,テレポート,49,24,25,0.4897959183673469,0.875,56,15
overall,MIXED,15.22,UTILITY,7,ヒール,49,24,25,0.4897959183673469,0.3712121212121212,132,15
overall,MIXED,14.22,TOP,4,フラッシュ,49,24,25,0.4897959183673469,0.8448275862068966,58,15
overall,MIXED,14.24,UTILITY,4,フラッシュ,49,24,25,0.4897959183673469,0.98,50,15
overall,MIXED,15.10,ALL,7,ヒール,49,23,26,0.46938775510204084,0.07101449275362319,690,15
overall,MIXED,16.5,UTILITY,7,ヒール,49,23,26,0.46938775510204084,0.30246913580246915,162,15
overall,MIXED,16.16,UTILITY,3,イグゾースト,49,22,27,0.4489795918367347,0.07357357357357357,666,15
overall,MIXED,15.9,MIDDLE,12,テレポート,49,22,27,0.4489795918367347,0.5697674418604651,86,15
overall,MIXED,15.24,TOP,6,ゴースト,48,27,21,0.5625,0.14035087719298245,342,15
overall,MIXED,15.4,ALL,21,バリア,48,25,23,0.5208333333333334,0.17777777777777778,270,15
overall,MIXED,14.22,ALL,14,イグナイト,48,23,25,0.4791666666666667,0.16551724137931034,290,15
overall,MIXED,15.4,TOP,12,テレポート,48,22,26,0.4583333333333333,0.8888888888888888,54,15
overall,MIXED,15.17,ALL,7,ヒール,48,22,26,0.4583333333333333,0.05925925925925926,810,15
overall,MIXED,14.21,TOP,4,フラッシュ,48,21,27,0.4375,0.8571428571428571,56,15
overall,MIXED,16.6,UTILITY,7,ヒール,47,26,21,0.5531914893617021,0.31125827814569534,151,15
overall,MIXED,15.4,BOTTOM,21,バリア,47,24,23,0.5106382978723404,0.8703703703703703,54,15
overall,MIXED,16.4,TOP,14,イグナイト,47,22,25,0.46808510638297873,0.44761904761904764,105,15
overall,MIXED,15.10,UTILITY,7,ヒール,47,22,25,0.46808510638297873,0.34057971014492755,138,15
overall,MIXED,16.14,UTILITY,3,イグゾースト,47,21,26,0.44680851063829785,0.06752873563218391,696,15
overall,MIXED,16.18,TOP,6,ゴースト,47,20,27,0.425531914893617,0.13988095238095238,336,15
overall,MIXED,16.4,TOP,12,テレポート,46,25,21,0.5434782608695652,0.4380952380952381,105,15
overall,MIXED,14.22,TOP,12,テレポート,46,24,22,0.5217391304347826,0.7931034482758621,58,15
overall,MIXED,14.21,MIDDLE,12,テレポート,46,23,23,0.5,0.8363636363636363,55,15
overall,MIXED,15.13,ALL,7,ヒール,46,22,24,0.4782608695652174,0.04791666666666667,960,15
overall,MIXED,16.3,ALL,6,ゴースト,46,20,26,0.43478260869565216,0.05227272727272727,880,15
overall,MIXED,16.18,BOTTOM,12,テレポート,46,16,30,0.34782608695652173,0.13690476190476192,336,15
overall,MIXED,16.13,ALL,1,クレンズ,46,15,31,0.32608695652173914,0.01398176291793313,3290,15
overall,MIXED,15.23,ALL,7,ヒール,45,26,19,0.5777777777777777,0.07758620689655173,580,15
overall,MIXED,14.24,TOP,12,テレポート,45,24,21,0.5333333333333333,0.9,50,15
overall,MIXED,14.21,ALL,14,イグナイト,45,22,23,0.4888888888888889,0.16071428571428573,280,15
overall,MIXED,14.24,JUNGLE,4,フラッシュ,45,22,23,0.4888888888888889,0.9,50,15
overall,MIXED,14.24,TOP,4,フラッシュ,45,22,23,0.4888888888888889,0.9,50,15
overall,MIXED,16.9,ALL,7,ヒール,44,27,17,0.6136363636363636,0.05569620253164557,790,15
overall,MIXED,16.5,MIDDLE,14,イグナイト,44,25,19,0.5681818181818182,0.2716049382716049,162,15
overall,MIXED,14.21,ALL,21,バリア,44,23,21,0.5227272727272727,0.15714285714285714,280,15
overall,MIXED,14.24,MIDDLE,12,テレポート,44,22,22,0.5,0.88,50,15
overall,MIXED,16.13,BOTTOM,1,クレンズ,44,15,29,0.3409090909090909,0.0668693009118541,658,15
overall,MIXED,15.2,ALL,7,ヒール,43,28,15,0.6511627906976745,0.09347826086956522,460,15
overall,MIXED,16.17,TOP,3,イグゾースト,43,24,19,0.5581395348837209,0.04265873015873016,1008,15
overall,MIXED,14.24,ALL,21,バリア,43,23,20,0.5348837209302325,0.172,250,15
overall,MIXED,14.24,BOTTOM,21,バリア,43,23,20,0.5348837209302325,0.86,50,15
overall,MIXED,15.4,MIDDLE,12,テレポート,43,21,22,0.4883720930232558,0.7962962962962963,54,15
overall,MIXED,15.17,UTILITY,7,ヒール,43,20,23,0.46511627906976744,0.2670807453416149,161,15
overall,MIXED,15.2,UTILITY,14,イグナイト,43,16,27,0.37209302325581395,0.4673913043478261,92,15
overall,MIXED,16.9,UTILITY,7,ヒール,42,27,15,0.6428571428571429,0.26582278481012656,158,15
overall,MIXED,14.23,ALL,11,スマイト,42,21,21,0.5,0.2,210,15
overall,MIXED,14.23,JUNGLE,11,スマイト,42,21,21,0.5,1.0,42,15
overall,MIXED,14.23,BOTTOM,4,フラッシュ,42,21,21,0.5,1.0,42,15
overall,MIXED,16.16,JUNGLE,6,ゴースト,42,20,22,0.47619047619047616,0.06306306306306306,666,15
overall,MIXED,15.13,UTILITY,7,ヒール,42,20,22,0.47619047619047616,0.21875,192,15
overall,MIXED,16.14,ALL,1,クレンズ,42,19,23,0.4523809523809524,0.01206896551724138,3480,15
overall,MIXED,14.24,ALL,14,イグナイト,42,18,24,0.42857142857142855,0.168,250,15
overall,MIXED,15.23,UTILITY,7,ヒール,41,23,18,0.5609756097560976,0.35344827586206895,116,15
overall,MIXED,14.23,JUNGLE,4,フラッシュ,41,21,20,0.5121951219512195,0.9761904761904762,42,15
overall,MIXED,15.4,TOP,4,フラッシュ,41,21,20,0.5121951219512195,0.7592592592592593,54,15
overall,MIXED,14.21,BOTTOM,21,バリア,41,20,21,0.4878048780487805,0.7321428571428571,56,15
overall,MIXED,14.23,MIDDLE,4,フラッシュ,41,20,21,0.4878048780487805,0.9761904761904762,42,15
overall,MIXED,14.23,UTILITY,4,フラッシュ,41,20,21,0.4878048780487805,0.9761904761904762,42,15
overall,MIXED,14.22,ALL,21,バリア,41,19,22,0.4634146341463415,0.1413793103448276,290,15
overall,MIXED,16.9,MIDDLE,14,イグナイト,41,18,23,0.43902439024390244,0.25949367088607594,158,15
overall,MIXED,15.19,ALL,6,ゴースト,41,18,23,0.43902439024390244,0.035652173913043476,1150,15
overall,MIXED,16.16,ALL,1,クレンズ,41,17,24,0.4146341463414634,0.012312312312312312,3330,15
overall,MIXED,16.16,BOTTOM,1,クレンズ,41,17,24,0.4146341463414634,0.06156156156156156,666,15
overall,MIXED,16.6,MIDDLE,14,イグナイト,41,16,25,0.3902439024390244,0.26973684210526316,152,15
overall,MIXED,14.23,ALL,14,イグナイト,40,16,24,0.4,0.19047619047619047,210,15
overall,MIXED,15.2,UTILITY,7,ヒール,39,25,14,0.6410256410256411,0.42391304347826086,92,15
overall,MIXED,16.1,MIDDLE,14,イグナイト,39,23,16,0.5897435897435898,0.2532467532467532,154,15
overall,MIXED,14.22,UTILITY,14,イグナイト,39,21,18,0.5384615384615384,0.6724137931034483,58,15
overall,MIXED,15.4,UTILITY,14,イグナイト,39,21,18,0.5384615384615384,0.7222222222222222,54,15
overall,MIXED,16.11,ALL,6,ゴースト,39,21,18,0.5384615384615384,0.03305084745762712,1180,15
overall,MIXED,16.4,MIDDLE,14,イグナイト,39,20,19,0.5128205128205128,0.36792452830188677,106,15
overall,MIXED,16.15,TOP,3,イグゾースト,39,19,20,0.48717948717948717,0.04721549636803874,826,15
overall,MIXED,16.3,MIDDLE,14,イグナイト,39,18,21,0.46153846153846156,0.2215909090909091,176,15
overall,MIXED,16.13,UTILITY,3,イグゾースト,39,15,24,0.38461538461538464,0.0593607305936073,657,15
overall,MIXED,16.15,ALL,1,クレンズ,39,15,24,0.38461538461538464,0.009443099273607748,4130,15
overall,MIXED,15.1,ALL,11,スマイト,38,19,19,0.5,0.2,190,15
overall,MIXED,15.1,JUNGLE,11,スマイト,38,19,19,0.5,1.0,38,15
overall,MIXED,15.1,BOTTOM,4,フラッシュ,38,19,19,0.5,1.0,38,15
overall,MIXED,16.18,UTILITY,3,イグゾースト,38,18,20,0.47368421052631576,0.1130952380952381,336,15
overall,MIXED,14.22,BOTTOM,21,バリア,38,18,20,0.47368421052631576,0.6551724137931034,58,15
overall,MIXED,16.14,BOTTOM,1,クレンズ,38,17,21,0.4473684210526316,0.05459770114942529,696,15
overall,MIXED,16.15,BOTTOM,1,クレンズ,38,15,23,0.39473684210526316,0.04600484261501211,826,15
overall,MIXED,14.23,MIDDLE,12,テレポート,37,20,17,0.5405405405405406,0.8809523809523809,42,15
overall,MIXED,14.23,TOP,12,テレポート,37,20,17,0.5405405405405406,0.8809523809523809,42,15
overall,MIXED,15.1,MIDDLE,4,フラッシュ,37,19,18,0.5135135135135135,1.0,37,15
overall,MIXED,16.7,MIDDLE,14,イグナイト,37,14,23,0.3783783783783784,0.24025974025974026,154,15
overall,MIXED,15.21,ALL,7,ヒール,36,22,14,0.6111111111111112,0.061016949152542375,590,15
overall,MIXED,15.1,UTILITY,4,フラッシュ,36,19,17,0.5277777777777778,0.9473684210526315,38,15
overall,MIXED,16.14,JUNGLE,6,ゴースト,36,18,18,0.5,0.05172413793103448,696,15
overall,MIXED,14.23,TOP,4,フラッシュ,36,17,19,0.4722222222222222,0.8571428571428571,42,15
overall,MIXED,16.8,MIDDLE,14,イグナイト,35,22,13,0.6285714285714286,0.25,140,15
overall,MIXED,15.19,ALL,1,クレンズ,35,21,14,0.6,0.030434782608695653,1150,15
overall,MIXED,16.1,TOP,14,イグナイト,35,20,15,0.5714285714285714,0.22727272727272727,154,15
overall,MIXED,15.20,ALL,7,ヒール,35,20,15,0.5714285714285714,0.05303030303030303,660,15
overall,MIXED,15.1,TOP,4,フラッシュ,35,18,17,0.5142857142857142,0.9210526315789473,38,15
overall,MIXED,15.13,ALL,6,ゴースト,35,17,18,0.4857142857142857,0.036458333333333336,960,15
overall,MIXED,16.12,ALL,6,ゴースト,35,17,18,0.4857142857142857,0.03932584269662921,890,15
overall,MIXED,15.19,BOTTOM,1,クレンズ,34,20,14,0.5882352941176471,0.14782608695652175,230,15
overall,MIXED,15.10,ALL,6,ゴースト,34,20,14,0.5882352941176471,0.04927536231884058,690,15
overall,MIXED,15.9,MIDDLE,14,イグナイト,34,18,16,0.5294117647058824,0.3953488372093023,86,15
overall,MIXED,15.1,MIDDLE,12,テレポート,34,18,16,0.5294117647058824,0.918918918918919,37,15
overall,MIXED,15.24,ALL,1,クレンズ,34,17,17,0.5,0.019883040935672516,1710,15
overall,MIXED,15.24,BOTTOM,1,クレンズ,34,17,17,0.5,0.09970674486803519,341,15
overall,MIXED,15.1,JUNGLE,4,フラッシュ,34,17,17,0.5,0.8947368421052632,38,15
overall,MIXED,15.11,ALL,7,ヒール,34,16,18,0.47058823529411764,0.06415094339622641,530,15
overall,MIXED,15.11,UTILITY,7,ヒール,34,16,18,0.47058823529411764,0.32075471698113206,106,15
overall,MIXED,15.8,ALL,7,ヒール,34,15,19,0.4411764705882353,0.052307692307692305,650,15
overall,MIXED,16.6,ALL,3,イグゾースト,33,19,14,0.5757575757575758,0.04342105263157895,760,15
overall,MIXED,16.10,ALL,6,ゴースト,33,18,15,0.5454545454545454,0.02972972972972973,1110,15
overall,MIXED,15.20,UTILITY,7,ヒール,33,18,15,0.5454545454545454,0.25,132,15
overall,MIXED,15.24,UTILITY,12,テレポート,33,17,16,0.5151515151515151,0.09649122807017543,342,15
overall,MIXED,15.1,ALL,21,バリア,33,17,16,0.5151515151515151,0.1736842105263158,190,15
overall,MIXED,15.16,ALL,7,ヒール,33,17,16,0.5151515151515151,0.06111111111111111,540,15
overall,MIXED,16.4,ALL,7,ヒール,33,17,16,0.5151515151515151,0.062264150943396226,530,15
overall,MIXED,16.1,ALL,6,ゴースト,33,16,17,0.48484848484848486,0.04285714285714286,770,15
overall,MIXED,15.1,TOP,12,テレポート,33,15,18,0.45454545454545453,0.868421052631579,38,15
overall,MIXED,15.5,ALL,12,テレポート,33,15,18,0.45454545454545453,0.33,100,15
overall,MIXED,15.8,UTILITY,7,ヒール,33,15,18,0.45454545454545453,0.25384615384615383,130,15
overall,MIXED,16.5,ALL,6,ゴースト,33,13,20,0.3939393939393939,0.040740740740740744,810,15
overall,MIXED,15.19,TOP,14,イグナイト,32,20,12,0.625,0.13973799126637554,229,15
overall,MIXED,16.4,UTILITY,7,ヒール,32,17,15,0.53125,0.3018867924528302,106,15
overall,MIXED,15.1,BOTTOM,21,バリア,32,16,16,0.5,0.8421052631578947,38,15
overall,MIXED,14.21,UTILITY,14,イグナイト,32,15,17,0.46875,0.5714285714285714,56,15
overall,MIXED,15.24,ALL,3,イグゾースト,32,13,19,0.40625,0.01871345029239766,1710,15
overall,MIXED,15.8,ALL,6,ゴースト,32,9,23,0.28125,0.04923076923076923,650,15
overall,MIXED,15.18,ALL,7,ヒール,31,19,12,0.6129032258064516,0.047692307692307694,650,15
overall,MIXED,15.21,UTILITY,7,ヒール,31,19,12,0.6129032258064516,0.2627118644067797,118,15
overall,MIXED,15.16,UTILITY,7,ヒール,31,16,15,0.5161290322580645,0.28703703703703703,108,15
overall,MIXED,16.2,ALL,6,ゴースト,31,15,16,0.4838709677419355,0.04366197183098591,710,15
overall,MIXED,15.24,TOP,14,イグナイト,31,12,19,0.3870967741935484,0.09064327485380116,342,15
overall,MIXED,15.13,MIDDLE,14,イグナイト,30,18,12,0.6,0.15706806282722513,191,15
overall,MIXED,16.2,MIDDLE,14,イグナイト,30,16,14,0.5333333333333333,0.2112676056338028,142,15
overall,MIXED,15.22,ALL,6,ゴースト,30,16,14,0.5333333333333333,0.045454545454545456,660,15
overall,MIXED,16.16,TOP,3,イグゾースト,30,14,16,0.4666666666666667,0.04504504504504504,666,15
overall,MIXED,14.24,UTILITY,14,イグナイト,30,14,16,0.4666666666666667,0.6,50,15
overall,MIXED,14.23,ALL,21,バリア,30,14,16,0.4666666666666667,0.14285714285714285,210,15
overall,MIXED,15.12,ALL,7,ヒール,30,13,17,0.43333333333333335,0.058823529411764705,510,15
overall,MIXED,16.6,ALL,6,ゴースト,30,12,18,0.4,0.039473684210526314,760,15
overall,MIXED,15.7,ALL,6,ゴースト,29,13,16,0.4482758620689655,0.06304347826086956,460,15
overall,MIXED,14.23,BOTTOM,21,バリア,29,13,16,0.4482758620689655,0.6904761904761905,42,15
overall,MIXED,15.10,MIDDLE,14,イグナイト,29,11,18,0.3793103448275862,0.21014492753623187,138,15
overall,MIXED,16.4,ALL,6,ゴースト,28,16,12,0.5714285714285714,0.052830188679245285,530,15
overall,MIXED,16.8,ALL,6,ゴースト,28,14,14,0.5,0.04,700,15
overall,MIXED,15.12,UTILITY,7,ヒール,28,13,15,0.4642857142857143,0.27450980392156865,102,15
overall,MIXED,15.18,UTILITY,7,ヒール,27,17,10,0.6296296296296297,0.2076923076923077,130,15
overall,MIXED,16.9,ALL,6,ゴースト,27,15,12,0.5555555555555556,0.03417721518987342,790,15
overall,MIXED,15.6,ALL,12,テレポート,27,14,13,0.5185185185185185,0.3375,80,15
overall,MIXED,14.23,UTILITY,14,イグナイト,27,13,14,0.48148148148148145,0.6428571428571429,42,15
overall,MIXED,14.19,ALL,6,ゴースト,27,13,14,0.48148148148148145,0.06428571428571428,420,15
overall,MIXED,15.19,TOP,6,ゴースト,27,13,14,0.48148148148148145,0.11790393013100436,229,15
overall,MIXED,14.19,ALL,7,ヒール,27,12,15,0.4444444444444444,0.06428571428571428,420,15
overall,MIXED,15.9,ALL,7,ヒール,26,12,14,0.46153846153846156,0.06046511627906977,430,15
overall,MIXED,15.9,UTILITY,7,ヒール,26,12,14,0.46153846153846156,0.3023255813953488,86,15
overall,MIXED,15.22,MIDDLE,14,イグナイト,26,11,15,0.4230769230769231,0.19696969696969696,132,15
overall,MIXED,16.17,BOTTOM,3,イグゾースト,25,15,10,0.6,0.0248015873015873,1008,15
overall,MIXED,15.3,ALL,6,ゴースト,25,14,11,0.56,0.06097560975609756,410,15
overall,MIXED,16.6,UTILITY,3,イグゾースト,25,13,12,0.52,0.16556291390728478,151,15
overall,MIXED,15.21,ALL,6,ゴースト,25,13,12,0.52,0.0423728813559322,590,15
overall,MIXED,16.18,JUNGLE,6,ゴースト,25,11,14,0.44,0.0744047619047619,336,15
overall,MIXED,16.10,ALL,1,クレンズ,25,10,15,0.4,0.02252252252252252,1110,15
overall,MIXED,14.19,UTILITY,7,ヒール,25,10,15,0.4,0.2976190476190476,84,15
overall,MIXED,14.20,ALL,7,ヒール,25,10,15,0.4,0.05434782608695652,460,15
overall,MIXED,14.20,UTILITY,7,ヒール,25,10,15,0.4,0.2717391304347826,92,15
overall,MIXED,15.5,ALL,14,イグナイト,24,15,9,0.625,0.24,100,15
overall,MIXED,16.17,MIDDLE,6,ゴースト,24,14,10,0.5833333333333334,0.023809523809523808,1008,15
overall,MIXED,15.13,TOP,6,ゴースト,24,13,11,0.5416666666666666,0.125,192,15
overall,MIXED,16.10,BOTTOM,1,クレンズ,24,10,14,0.4166666666666667,0.10810810810810811,222,15
overall,MIXED,15.1,ALL,14,イグナイト,24,9,15,0.375,0.12631578947368421,190,15
overall,MIXED,16.12,TOP,6,ゴースト,23,13,10,0.5652173913043478,0.12921348314606743,178,15
overall,MIXED,16.3,TOP,6,ゴースト,23,12,11,0.5217391304347826,0.13068181818181818,176,15
overall,MIXED,15.17,MIDDLE,14,イグナイト,23,11,12,0.4782608695652174,0.1419753086419753,162,15
overall,MIXED,15.19,MIDDLE,14,イグナイト,23,11,12,0.4782608695652174,0.1,230,15
overall,MIXED,16.5,ALL,1,クレンズ,23,11,12,0.4782608695652174,0.028395061728395062,810,15
overall,MIXED,16.2,TOP,6,ゴースト,23,11,12,0.4782608695652174,0.1619718309859155,142,15
overall,MIXED,15.12,ALL,6,ゴースト,23,10,13,0.43478260869565216,0.045098039215686274,510,15
overall,MIXED,16.5,TOP,6,ゴースト,23,9,14,0.391304347826087,0.1419753086419753,162,15
overall,MIXED,16.5,ALL,3,イグゾースト,22,14,8,0.6363636363636364,0.027160493827160494,810,15
overall,MIXED,15.10,TOP,6,ゴースト,22,13,9,0.5909090909090909,0.15942028985507245,138,15
overall,MIXED,15.22,TOP,6,ゴースト,22,13,9,0.5909090909090909,0.16666666666666666,132,15
overall,MIXED,15.17,ALL,6,ゴースト,22,12,10,0.5454545454545454,0.027160493827160494,810,15
overall,MIXED,15.19,ALL,3,イグゾースト,22,11,11,0.5,0.019130434782608695,1150,15
overall,MIXED,15.20,ALL,1,クレンズ,22,10,12,0.45454545454545453,0.03333333333333333,660,15
overall,MIXED,15.20,BOTTOM,1,クレンズ,22,10,12,0.45454545454545453,0.16666666666666666,132,15
overall,MIXED,16.6,TOP,6,ゴースト,22,8,14,0.36363636363636365,0.14473684210526316,152,15
overall,MIXED,16.15,TOP,21,バリア,22,8,14,0.36363636363636365,0.026634382566585957,826,15
overall,MIXED,15.8,MIDDLE,14,イグナイト,21,15,6,0.7142857142857143,0.16153846153846155,130,15
overall,MIXED,16.10,TOP,6,ゴースト,21,13,8,0.6190476190476191,0.0945945945945946,222,15
overall,MIXED,16.6,ALL,1,クレンズ,21,12,9,0.5714285714285714,0.02763157894736842,760,15
overall,MIXED,16.6,BOTTOM,1,クレンズ,21,12,9,0.5714285714285714,0.13815789473684212,152,15
overall,MIXED,16.7,ALL,6,ゴースト,21,12,9,0.5714285714285714,0.02727272727272727,770,15
overall,MIXED,16.10,ALL,3,イグゾースト,21,11,10,0.5238095238095238,0.01891891891891892,1110,15
overall,MIXED,16.8,TOP,6,ゴースト,21,10,11,0.47619047619047616,0.15,140,15
overall,MIXED,16.15,UTILITY,12,テレポート,21,10,11,0.47619047619047616,0.025423728813559324,826,15
overall,MIXED,16.12,ALL,3,イグゾースト,21,9,12,0.42857142857142855,0.02359550561797753,890,15
overall,MIXED,15.15,ALL,7,ヒール,21,9,12,0.42857142857142855,0.05121951219512195,410,15
overall,MIXED,15.15,UTILITY,7,ヒール,21,9,12,0.42857142857142855,0.25609756097560976,82,15
overall,MIXED,16.14,TOP,3,イグゾースト,21,8,13,0.38095238095238093,0.03017241379310345,696,15
overall,MIXED,16.3,ALL,3,イグゾースト,21,8,13,0.38095238095238093,0.023863636363636365,880,15
overall,MIXED,15.16,ALL,6,ゴースト,21,8,13,0.38095238095238093,0.03888888888888889,540,15
overall,MIXED,16.16,MIDDLE,6,ゴースト,21,8,13,0.38095238095238093,0.03153153153153153,666,15
overall,MIXED,15.24,UTILITY,3,イグゾースト,21,6,15,0.2857142857142857,0.06140350877192982,342,15
overall,MIXED,15.11,MIDDLE,14,イグナイト,20,14,6,0.7,0.18867924528301888,106,15
overall,MIXED,16.11,ALL,1,クレンズ,20,13,7,0.65,0.01694915254237288,1180,15
overall,MIXED,16.16,BOTTOM,6,ゴースト,20,13,7,0.65,0.03003003003003003,666,15
overall,MIXED,16.2,ALL,3,イグゾースト,20,12,8,0.6,0.028169014084507043,710,15
overall,MIXED,16.18,ALL,1,クレンズ,20,12,8,0.6,0.011904761904761904,1680,15
overall,MIXED,16.17,UTILITY,12,テレポート,20,12,8,0.6,0.01984126984126984,1008,15
overall,MIXED,16.5,BOTTOM,1,クレンズ,20,10,10,0.5,0.12345679012345678,162,15
overall,MIXED,15.5,ALL,11,スマイト,20,10,10,0.5,0.2,100,15
overall,MIXED,15.5,JUNGLE,11,スマイト,20,10,10,0.5,1.0,20,15
overall,MIXED,15.5,BOTTOM,4,フラッシュ,20,10,10,0.5,1.0,20,15
overall,MIXED,15.5,UTILITY,4,フラッシュ,20,10,10,0.5,1.0,20,15
overall,MIXED,16.11,ALL,3,イグゾースト,20,7,13,0.35,0.01694915254237288,1180,15
overall,MIXED,16.3,ALL,1,クレンズ,19,13,6,0.6842105263157895,0.02159090909090909,880,15
overall,MIXED,14.20,ALL,6,ゴースト,19,13,6,0.6842105263157895,0.041304347826086954,460,15
overall,MIXED,16.11,BOTTOM,1,クレンズ,19,12,7,0.631578947368421,0.08050847457627118,236,15
overall,MIXED,16.14,BOTTOM,6,ゴースト,19,12,7,0.631578947368421,0.027298850574712645,696,15
overall,MIXED,16.12,ALL,1,クレンズ,19,11,8,0.5789473684210527,0.021348314606741574,890,15
overall,MIXED,15.14,ALL,6,ゴースト,19,11,8,0.5789473684210527,0.041304347826086954,460,15
overall,MIXED,16.9,TOP,6,ゴースト,19,11,8,0.5789473684210527,0.12025316455696203,158,15
overall,MIXED,15.7,ALL,7,ヒール,19,11,8,0.5789473684210527,0.041304347826086954,460,15
overall,MIXED,15.18,ALL,6,ゴースト,19,10,9,0.5263157894736842,0.02923076923076923,650,15
overall,MIXED,15.5,MIDDLE,4,フラッシュ,19,10,9,0.5263157894736842,0.95,20,15
overall,MIXED,15.20,MIDDLE,14,イグナイト,19,9,10,0.47368421052631576,0.1450381679389313,131,15
overall,MIXED,15.23,TOP,14,イグナイト,19,9,10,0.47368421052631576,0.16379310344827586,116,15
overall,MIXED,15.12,TOP,6,ゴースト,19,9,10,0.47368421052631576,0.18627450980392157,102,15
overall,MIXED,15.9,ALL,6,ゴースト,19,9,10,0.47368421052631576,0.044186046511627906,430,15
overall,MIXED,16.1,TOP,6,ゴースト,19,9,10,0.47368421052631576,0.12337662337662338,154,15
overall,MIXED,16.11,TOP,6,ゴースト,19,9,10,0.47368421052631576,0.08050847457627118,236,15
overall,MIXED,14.21,ALL,7,ヒール,19,9,10,0.47368421052631576,0.06785714285714285,280,15
overall,MIXED,15.2,ALL,6,ゴースト,19,8,11,0.42105263157894735,0.041304347826086954,460,15
overall,MIXED,16.9,ALL,1,クレンズ,19,7,12,0.3684210526315789,0.024050632911392405,790,15
overall,MIXED,14.19,TOP,6,ゴースト,19,7,12,0.3684210526315789,0.2261904761904762,84,15
overall,MIXED,16.3,BOTTOM,1,クレンズ,18,12,6,0.6666666666666666,0.10227272727272728,176,15
overall,MIXED,14.22,ALL,6,ゴースト,18,12,6,0.6666666666666666,0.06206896551724138,290,15
overall,MIXED,15.18,MIDDLE,14,イグナイト,18,11,7,0.6111111111111112,0.13846153846153847,130,15
overall,MIXED,16.12,BOTTOM,1,クレンズ,18,11,7,0.6111111111111112,0.1016949152542373,177,15
overall,MIXED,16.11,BOTTOM,12,テレポート,18,11,7,0.6111111111111112,0.07627118644067797,236,15
overall,MIXED,16.18,BOTTOM,1,クレンズ,18,10,8,0.5555555555555556,0.05357142857142857,336,15
overall,MIXED,16.16,UTILITY,12,テレポート,18,10,8,0.5555555555555556,0.02702702702702703,666,15
overall,MIXED,16.9,ALL,3,イグゾースト,18,9,9,0.5,0.02278481012658228,790,15
overall,MIXED,16.13,BOTTOM,6,ゴースト,18,9,9,0.5,0.02735562310030395,658,15
overall,MIXED,15.19,UTILITY,3,イグゾースト,18,8,10,0.4444444444444444,0.0782608695652174,230,15
overall,MIXED,16.7,ALL,1,クレンズ,18,8,10,0.4444444444444444,0.023376623376623377,770,15
overall,MIXED,15.7,TOP,6,ゴースト,18,8,10,0.4444444444444444,0.1956521739130435,92,15
overall,MIXED,15.5,JUNGLE,4,フラッシュ,18,8,10,0.4444444444444444,0.9,20,15
overall,MIXED,16.9,BOTTOM,1,クレンズ,18,7,11,0.3888888888888889,0.11392405063291139,158,15
overall,MIXED,15.3,ALL,7,ヒール,18,7,11,0.3888888888888889,0.04390243902439024,410,15
overall,MIXED,16.17,BOTTOM,6,ゴースト,18,5,13,0.2777777777777778,0.017857142857142856,1008,15
overall,MIXED,15.16,MIDDLE,14,イグナイト,17,13,4,0.7647058823529411,0.1574074074074074,108,15
overall,MIXED,14.20,TOP,6,ゴースト,17,11,6,0.6470588235294118,0.18478260869565216,92,15
overall,MIXED,16.17,BOTTOM,14,イグナイト,17,10,7,0.5882352941176471,0.016865079365079364,1008,15
overall,MIXED,15.7,UTILITY,7,ヒール,17,10,7,0.5882352941176471,0.18478260869565216,92,15
overall,MIXED,16.14,UTILITY,12,テレポート,17,9,8,0.5294117647058824,0.02442528735632184,696,15
overall,MIXED,16.7,BOTTOM,1,クレンズ,17,8,9,0.47058823529411764,0.11038961038961038,154,15
overall,MIXED,15.5,MIDDLE,12,テレポート,17,7,10,0.4117647058823529,0.85,20,15
overall,MIXED,15.7,MIDDLE,14,イグナイト,17,6,11,0.35294117647058826,0.18478260869565216,92,15
overall,MIXED,15.1,UTILITY,14,イグナイト,17,5,12,0.29411764705882354,0.4473684210526316,38,15
overall,MIXED,15.8,TOP,6,ゴースト,17,5,12,0.29411764705882354,0.13076923076923078,130,15
overall,MIXED,16.17,JUNGLE,14,イグナイト,16,10,6,0.625,0.015873015873015872,1008,15
overall,MIXED,16.2,ALL,1,クレンズ,16,10,6,0.625,0.022535211267605635,710,15
overall,MIXED,16.2,BOTTOM,1,クレンズ,16,10,6,0.625,0.11267605633802817,142,15
overall,MIXED,15.15,ALL,6,ゴースト,16,10,6,0.625,0.03902439024390244,410,15
overall,MIXED,15.13,ALL,3,イグゾースト,16,9,7,0.5625,0.016666666666666666,960,15
overall,MIXED,15.22,ALL,1,クレンズ,16,9,7,0.5625,0.024242424242424242,660,15
overall,MIXED,15.21,TOP,6,ゴースト,16,9,7,0.5625,0.13559322033898305,118,15
overall,MIXED,15.14,ALL,7,ヒール,16,9,7,0.5625,0.034782608695652174,460,15
overall,MIXED,15.14,UTILITY,7,ヒール,16,9,7,0.5625,0.17391304347826086,92,15
overall,MIXED,16.10,UTILITY,3,イグゾースト,16,8,8,0.5,0.07207207207207207,222,15
overall,MIXED,15.13,TOP,14,イグナイト,16,8,8,0.5,0.08333333333333333,192,15
overall,MIXED,15.22,TOP,14,イグナイト,16,8,8,0.5,0.12121212121212122,132,15
overall,MIXED,15.8,TOP,14,イグナイト,16,8,8,0.5,0.12307692307692308,130,15
overall,MIXED,15.6,ALL,11,スマイト,16,8,8,0.5,0.2,80,15
overall,MIXED,15.6,JUNGLE,11,スマイト,16,8,8,0.5,1.0,16,15
overall,MIXED,15.6,BOTTOM,4,フラッシュ,16,8,8,0.5,1.0,16,15
overall,MIXED,15.6,JUNGLE,4,フラッシュ,16,8,8,0.5,1.0,16,15
overall,MIXED,15.6,MIDDLE,4,フラッシュ,16,8,8,0.5,1.0,16,15
overall,MIXED,15.6,UTILITY,4,フラッシュ,16,8,8,0.5,1.0,16,15
overall,MIXED,15.23,ALL,6,ゴースト,16,7,9,0.4375,0.027586206896551724,580,15
overall,MIXED,15.5,ALL,21,バリア,16,7,9,0.4375,0.16,100,15
overall,MIXED,15.3,UTILITY,7,ヒール,16,7,9,0.4375,0.1951219512195122,82,15
overall,MIXED,16.18,TOP,3,イグゾースト,16,5,11,0.3125,0.047619047619047616,336,15
overall,MIXED,14.21,ALL,6,ゴースト,15,11,4,0.7333333333333333,0.05357142857142857,280,15
overall,MIXED,16.5,UTILITY,3,イグゾースト,15,10,5,0.6666666666666666,0.09259259259259259,162,15
overall,MIXED,15.20,ALL,6,ゴースト,15,10,5,0.6666666666666666,0.022727272727272728,660,15
overall,MIXED,16.1,ALL,1,クレンズ,15,9,6,0.6,0.01948051948051948,770,15
overall,MIXED,16.1,BOTTOM,1,クレンズ,15,9,6,0.6,0.09740259740259741,154,15
overall,MIXED,16.7,TOP,6,ゴースト,15,9,6,0.6,0.09740259740259741,154,15
overall,MIXED,15.23,ALL,3,イグゾースト,15,8,7,0.5333333333333333,0.02586206896551724,580,15
overall,MIXED,15.15,MIDDLE,14,イグナイト,15,8,7,0.5333333333333333,0.18292682926829268,82,15
overall,MIXED,15.21,TOP,14,イグナイト,15,8,7,0.5333333333333333,0.1271186440677966,118,15
overall,MIXED,15.22,BOTTOM,1,クレンズ,15,8,7,0.5333333333333333,0.11363636363636363,132,15
overall,MIXED,15.3,TOP,6,ゴースト,15,8,7,0.5333333333333333,0.18292682926829268,82,15
overall,MIXED,15.6,ALL,21,バリア,15,8,7,0.5333333333333333,0.1875,80,15
overall,MIXED,15.6,BOTTOM,21,バリア,15,8,7,0.5333333333333333,0.9375,16,15
overall,MIXED,14.21,UTILITY,7,ヒール,15,8,7,0.5333333333333333,0.26785714285714285,56,15
overall,MIXED,15.5,BOTTOM,21,バリア,15,7,8,0.4666666666666667,0.75,20,15
overall,MIXED,16.15,BOTTOM,7,ヒール,15,7,8,0.4666666666666667,0.018159806295399514,826,15
overall,MIXED,15.5,TOP,4,フラッシュ,15,7,8,0.4666666666666667,0.75,20,15
overall,MIXED,15.6,TOP,4,フラッシュ,15,7,8,0.4666666666666667,0.9375,16,15
overall,MIXED,15.13,ALL,1,クレンズ,15,6,9,0.4,0.015625,960,15
overall,MIXED,15.4,ALL,6,ゴースト,15,6,9,0.4,0.05555555555555555,270,15
overall,MIXED,14.22,ALL,7,ヒール,15,6,9,0.4,0.05172413793103448,290,15
overall,MIXED,16.13,TOP,3,イグゾースト,15,4,11,0.26666666666666666,0.022796352583586626,658,15
overall,MIXED,15.21,MIDDLE,14,イグナイト,15,4,11,0.26666666666666666,0.1271186440677966,118,15
